ProductKey,ProductItemCode,ProductName,SubCategory,Category,Color,Size,ProductLine,ModelName,ProductDes,StartDate,Status
210,FR-R92B-58,"HL Road Frame - Black, 58",Road Frames,Components,Black,58,"R ",HL Road Frame,Our lightest and best quality aluminum frame made from the newest alloy; it is welded and heat-treated for strength. Our innovative design results in maximum comfort and performance.,2013-07-01 00:00:00.000,Current
211,FR-R92R-58,"HL Road Frame - Red, 58",Road Frames,Components,Red,58,"R ",HL Road Frame,Our lightest and best quality aluminum frame made from the newest alloy; it is welded and heat-treated for strength. Our innovative design results in maximum comfort and performance.,2013-07-01 00:00:00.000,Current
212,HL-U509-R,"Sport-100 Helmet, Red",Helmets,Accessories,Red,NULL,"S ",Sport-100,"Universal fit, well-vented, lightweight , snap-on visor.",2021-07-01 00:00:00.000,Outdate
213,HL-U509-R,"Sport-100 Helmet, Red",Helmets,Accessories,Red,NULL,"S ",Sport-100,"Universal fit, well-vented, lightweight , snap-on visor.",2022-07-01 00:00:00.000,Outdate
214,HL-U509-R,"Sport-100 Helmet, Red",Helmets,Accessories,Red,NULL,"S ",Sport-100,"Universal fit, well-vented, lightweight , snap-on visor.",2023-07-01 00:00:00.000,Current
215,HL-U509,"Sport-100 Helmet, Black",Helmets,Accessories,Black,NULL,"S ",Sport-100,"Universal fit, well-vented, lightweight , snap-on visor.",2021-07-01 00:00:00.000,Outdate
216,HL-U509,"Sport-100 Helmet, Black",Helmets,Accessories,Black,NULL,"S ",Sport-100,"Universal fit, well-vented, lightweight , snap-on visor.",2022-07-01 00:00:00.000,Outdate
217,HL-U509,"Sport-100 Helmet, Black",Helmets,Accessories,Black,NULL,"S ",Sport-100,"Universal fit, well-vented, lightweight , snap-on visor.",2023-07-01 00:00:00.000,Current
218,SO-B909-M,"Mountain Bike Socks, M",Socks,Clothing,White,M,"M ",Mountain Bike Socks,Combination of natural and synthetic fibers stays dry and provides just the right cushioning.,2021-07-01 00:00:00.000,Outdate
219,SO-B909-L,"Mountain Bike Socks, L",Socks,Clothing,White,L,"M ",Mountain Bike Socks,Combination of natural and synthetic fibers stays dry and provides just the right cushioning.,2021-07-01 00:00:00.000,Outdate
220,HL-U509-B,"Sport-100 Helmet, Blue",Helmets,Accessories,Blue,NULL,"S ",Sport-100,"Universal fit, well-vented, lightweight , snap-on visor.",2021-07-01 00:00:00.000,Outdate
221,HL-U509-B,"Sport-100 Helmet, Blue",Helmets,Accessories,Blue,NULL,"S ",Sport-100,"Universal fit, well-vented, lightweight , snap-on visor.",2022-07-01 00:00:00.000,Outdate
222,HL-U509-B,"Sport-100 Helmet, Blue",Helmets,Accessories,Blue,NULL,"S ",Sport-100,"Universal fit, well-vented, lightweight , snap-on visor.",2023-07-01 00:00:00.000,Current
223,CA-1098,AWC Logo Cap,Caps,Clothing,Multi,NULL,"S ",Cycling Cap,Traditional style with a flip-up brim; one-size fits all.,2021-07-01 00:00:00.000,Outdate
224,CA-1098,AWC Logo Cap,Caps,Clothing,Multi,NULL,"S ",Cycling Cap,Traditional style with a flip-up brim; one-size fits all.,2022-07-01 00:00:00.000,Outdate
225,CA-1098,AWC Logo Cap,Caps,Clothing,Multi,NULL,"S ",Cycling Cap,Traditional style with a flip-up brim; one-size fits all.,2023-07-01 00:00:00.000,Current
226,LJ-0192-S,"Long-Sleeve Logo Jersey, S",Jerseys,Clothing,Multi,S,"S ",Long-Sleeve Logo Jersey,Unisex long-sleeve AWC logo microfiber cycling jersey,2021-07-01 00:00:00.000,Outdate
227,LJ-0192-S,"Long-Sleeve Logo Jersey, S",Jerseys,Clothing,Multi,S,"S ",Long-Sleeve Logo Jersey,Unisex long-sleeve AWC logo microfiber cycling jersey,2022-07-01 00:00:00.000,Outdate
228,LJ-0192-S,"Long-Sleeve Logo Jersey, S",Jerseys,Clothing,Multi,S,"S ",Long-Sleeve Logo Jersey,Unisex long-sleeve AWC logo microfiber cycling jersey,2023-07-01 00:00:00.000,Current
229,LJ-0192-M,"Long-Sleeve Logo Jersey, M",Jerseys,Clothing,Multi,M,"S ",Long-Sleeve Logo Jersey,Unisex long-sleeve AWC logo microfiber cycling jersey,2021-07-01 00:00:00.000,Outdate
230,LJ-0192-M,"Long-Sleeve Logo Jersey, M",Jerseys,Clothing,Multi,M,"S ",Long-Sleeve Logo Jersey,Unisex long-sleeve AWC logo microfiber cycling jersey,2022-07-01 00:00:00.000,Outdate
231,LJ-0192-M,"Long-Sleeve Logo Jersey, M",Jerseys,Clothing,Multi,M,"S ",Long-Sleeve Logo Jersey,Unisex long-sleeve AWC logo microfiber cycling jersey,2023-07-01 00:00:00.000,Current
232,LJ-0192-L,"Long-Sleeve Logo Jersey, L",Jerseys,Clothing,Multi,L,"S ",Long-Sleeve Logo Jersey,Unisex long-sleeve AWC logo microfiber cycling jersey,2021-07-01 00:00:00.000,Outdate
233,LJ-0192-L,"Long-Sleeve Logo Jersey, L",Jerseys,Clothing,Multi,L,"S ",Long-Sleeve Logo Jersey,Unisex long-sleeve AWC logo microfiber cycling jersey,2022-07-01 00:00:00.000,Outdate
234,LJ-0192-L,"Long-Sleeve Logo Jersey, L",Jerseys,Clothing,Multi,L,"S ",Long-Sleeve Logo Jersey,Unisex long-sleeve AWC logo microfiber cycling jersey,2023-07-01 00:00:00.000,Current
235,LJ-0192-X,"Long-Sleeve Logo Jersey, XL",Jerseys,Clothing,Multi,XL,"S ",Long-Sleeve Logo Jersey,Unisex long-sleeve AWC logo microfiber cycling jersey,2021-07-01 00:00:00.000,Outdate
236,LJ-0192-X,"Long-Sleeve Logo Jersey, XL",Jerseys,Clothing,Multi,XL,"S ",Long-Sleeve Logo Jersey,Unisex long-sleeve AWC logo microfiber cycling jersey,2022-07-01 00:00:00.000,Outdate
237,LJ-0192-X,"Long-Sleeve Logo Jersey, XL",Jerseys,Clothing,Multi,XL,"S ",Long-Sleeve Logo Jersey,Unisex long-sleeve AWC logo microfiber cycling jersey,2023-07-01 00:00:00.000,Current
238,FR-R92R-62,"HL Road Frame - Red, 62",Road Frames,Components,Red,62,"R ",HL Road Frame,Our lightest and best quality aluminum frame made from the newest alloy; it is welded and heat-treated for strength. Our innovative design results in maximum comfort and performance.,2021-07-01 00:00:00.000,Outdate
239,FR-R92R-62,"HL Road Frame - Red, 62",Road Frames,Components,Red,62,"R ",HL Road Frame,Our lightest and best quality aluminum frame made from the newest alloy; it is welded and heat-treated for strength. Our innovative design results in maximum comfort and performance.,2022-07-01 00:00:00.000,Outdate
240,FR-R92R-62,"HL Road Frame - Red, 62",Road Frames,Components,Red,62,"R ",HL Road Frame,Our lightest and best quality aluminum frame made from the newest alloy; it is welded and heat-treated for strength. Our innovative design results in maximum comfort and performance.,2023-07-01 00:00:00.000,Current
241,FR-R92R-44,"HL Road Frame - Red, 44",Road Frames,Components,Red,44,"R ",HL Road Frame,Our lightest and best quality aluminum frame made from the newest alloy; it is welded and heat-treated for strength. Our innovative design results in maximum comfort and performance.,2021-07-01 00:00:00.000,Outdate
242,FR-R92R-44,"HL Road Frame - Red, 44",Road Frames,Components,Red,44,"R ",HL Road Frame,Our lightest and best quality aluminum frame made from the newest alloy; it is welded and heat-treated for strength. Our innovative design results in maximum comfort and performance.,2022-07-01 00:00:00.000,Outdate
243,FR-R92R-44,"HL Road Frame - Red, 44",Road Frames,Components,Red,44,"R ",HL Road Frame,Our lightest and best quality aluminum frame made from the newest alloy; it is welded and heat-treated for strength. Our innovative design results in maximum comfort and performance.,2023-07-01 00:00:00.000,Current
244,FR-R92R-48,"HL Road Frame - Red, 48",Road Frames,Components,Red,48,"R ",HL Road Frame,Our lightest and best quality aluminum frame made from the newest alloy; it is welded and heat-treated for strength. Our innovative design results in maximum comfort and performance.,2021-07-01 00:00:00.000,Outdate
245,FR-R92R-48,"HL Road Frame - Red, 48",Road Frames,Components,Red,48,"R ",HL Road Frame,Our lightest and best quality aluminum frame made from the newest alloy; it is welded and heat-treated for strength. Our innovative design results in maximum comfort and performance.,2022-07-01 00:00:00.000,Outdate
246,FR-R92R-48,"HL Road Frame - Red, 48",Road Frames,Components,Red,48,"R ",HL Road Frame,Our lightest and best quality aluminum frame made from the newest alloy; it is welded and heat-treated for strength. Our innovative design results in maximum comfort and performance.,2023-07-01 00:00:00.000,Current
247,FR-R92R-52,"HL Road Frame - Red, 52",Road Frames,Components,Red,52,"R ",HL Road Frame,Our lightest and best quality aluminum frame made from the newest alloy; it is welded and heat-treated for strength. Our innovative design results in maximum comfort and performance.,2021-07-01 00:00:00.000,Outdate
248,FR-R92R-52,"HL Road Frame - Red, 52",Road Frames,Components,Red,52,"R ",HL Road Frame,Our lightest and best quality aluminum frame made from the newest alloy; it is welded and heat-treated for strength. Our innovative design results in maximum comfort and performance.,2022-07-01 00:00:00.000,Outdate
249,FR-R92R-52,"HL Road Frame - Red, 52",Road Frames,Components,Red,52,"R ",HL Road Frame,Our lightest and best quality aluminum frame made from the newest alloy; it is welded and heat-treated for strength. Our innovative design results in maximum comfort and performance.,2023-07-01 00:00:00.000,Current
250,FR-R92R-56,"HL Road Frame - Red, 56",Road Frames,Components,Red,56,"R ",HL Road Frame,Our lightest and best quality aluminum frame made from the newest alloy; it is welded and heat-treated for strength. Our innovative design results in maximum comfort and performance.,2021-07-01 00:00:00.000,Outdate
251,FR-R92R-56,"HL Road Frame - Red, 56",Road Frames,Components,Red,56,"R ",HL Road Frame,Our lightest and best quality aluminum frame made from the newest alloy; it is welded and heat-treated for strength. Our innovative design results in maximum comfort and performance.,2022-07-01 00:00:00.000,Outdate
252,FR-R92R-56,"HL Road Frame - Red, 56",Road Frames,Components,Red,56,"R ",HL Road Frame,Our lightest and best quality aluminum frame made from the newest alloy; it is welded and heat-treated for strength. Our innovative design results in maximum comfort and performance.,2023-07-01 00:00:00.000,Current
253,FR-R38B-58,"LL Road Frame - Black, 58",Road Frames,Components,Black,58,"R ",LL Road Frame,"The LL Frame provides a safe comfortable ride, while offering superior bump absorption in a value-priced aluminum frame.",2021-07-01 00:00:00.000,Outdate
254,FR-R38B-58,"LL Road Frame - Black, 58",Road Frames,Components,Black,58,"R ",LL Road Frame,"The LL Frame provides a safe comfortable ride, while offering superior bump absorption in a value-priced aluminum frame.",2022-07-01 00:00:00.000,Outdate
255,FR-R38B-58,"LL Road Frame - Black, 58",Road Frames,Components,Black,58,"R ",LL Road Frame,"The LL Frame provides a safe comfortable ride, while offering superior bump absorption in a value-priced aluminum frame.",2023-07-01 00:00:00.000,Current
256,FR-R38B-60,"LL Road Frame - Black, 60",Road Frames,Components,Black,60,"R ",LL Road Frame,"The LL Frame provides a safe comfortable ride, while offering superior bump absorption in a value-priced aluminum frame.",2021-07-01 00:00:00.000,Outdate
257,FR-R38B-60,"LL Road Frame - Black, 60",Road Frames,Components,Black,60,"R ",LL Road Frame,"The LL Frame provides a safe comfortable ride, while offering superior bump absorption in a value-priced aluminum frame.",2022-07-01 00:00:00.000,Outdate
258,FR-R38B-60,"LL Road Frame - Black, 60",Road Frames,Components,Black,60,"R ",LL Road Frame,"The LL Frame provides a safe comfortable ride, while offering superior bump absorption in a value-priced aluminum frame.",2023-07-01 00:00:00.000,Current
259,FR-R38B-62,"LL Road Frame - Black, 62",Road Frames,Components,Black,62,"R ",LL Road Frame,"The LL Frame provides a safe comfortable ride, while offering superior bump absorption in a value-priced aluminum frame.",2021-07-01 00:00:00.000,Outdate
260,FR-R38B-62,"LL Road Frame - Black, 62",Road Frames,Components,Black,62,"R ",LL Road Frame,"The LL Frame provides a safe comfortable ride, while offering superior bump absorption in a value-priced aluminum frame.",2022-07-01 00:00:00.000,Outdate
261,FR-R38B-62,"LL Road Frame - Black, 62",Road Frames,Components,Black,62,"R ",LL Road Frame,"The LL Frame provides a safe comfortable ride, while offering superior bump absorption in a value-priced aluminum frame.",2023-07-01 00:00:00.000,Current
262,FR-R38R-44,"LL Road Frame - Red, 44",Road Frames,Components,Red,44,"R ",LL Road Frame,"The LL Frame provides a safe comfortable ride, while offering superior bump absorption in a value-priced aluminum frame.",2021-07-01 00:00:00.000,Outdate
263,FR-R38R-44,"LL Road Frame - Red, 44",Road Frames,Components,Red,44,"R ",LL Road Frame,"The LL Frame provides a safe comfortable ride, while offering superior bump absorption in a value-priced aluminum frame.",2022-07-01 00:00:00.000,Outdate
264,FR-R38R-48,"LL Road Frame - Red, 48",Road Frames,Components,Red,48,"R ",LL Road Frame,"The LL Frame provides a safe comfortable ride, while offering superior bump absorption in a value-priced aluminum frame.",2021-07-01 00:00:00.000,Outdate
265,FR-R38R-48,"LL Road Frame - Red, 48",Road Frames,Components,Red,48,"R ",LL Road Frame,"The LL Frame provides a safe comfortable ride, while offering superior bump absorption in a value-priced aluminum frame.",2022-07-01 00:00:00.000,Outdate
266,FR-R38R-52,"LL Road Frame - Red, 52",Road Frames,Components,Red,52,"R ",LL Road Frame,"The LL Frame provides a safe comfortable ride, while offering superior bump absorption in a value-priced aluminum frame.",2021-07-01 00:00:00.000,Outdate
267,FR-R38R-52,"LL Road Frame - Red, 52",Road Frames,Components,Red,52,"R ",LL Road Frame,"The LL Frame provides a safe comfortable ride, while offering superior bump absorption in a value-priced aluminum frame.",2022-07-01 00:00:00.000,Outdate
268,FR-R38R-58,"LL Road Frame - Red, 58",Road Frames,Components,Red,58,"R ",LL Road Frame,"The LL Frame provides a safe comfortable ride, while offering superior bump absorption in a value-priced aluminum frame.",2021-07-01 00:00:00.000,Outdate
269,FR-R38R-58,"LL Road Frame - Red, 58",Road Frames,Components,Red,58,"R ",LL Road Frame,"The LL Frame provides a safe comfortable ride, while offering superior bump absorption in a value-priced aluminum frame.",2022-07-01 00:00:00.000,Outdate
270,FR-R38R-60,"LL Road Frame - Red, 60",Road Frames,Components,Red,60,"R ",LL Road Frame,"The LL Frame provides a safe comfortable ride, while offering superior bump absorption in a value-priced aluminum frame.",2021-07-01 00:00:00.000,Outdate
271,FR-R38R-60,"LL Road Frame - Red, 60",Road Frames,Components,Red,60,"R ",LL Road Frame,"The LL Frame provides a safe comfortable ride, while offering superior bump absorption in a value-priced aluminum frame.",2022-07-01 00:00:00.000,Outdate
272,FR-R38R-62,"LL Road Frame - Red, 62",Road Frames,Components,Red,62,"R ",LL Road Frame,"The LL Frame provides a safe comfortable ride, while offering superior bump absorption in a value-priced aluminum frame.",2021-07-01 00:00:00.000,Outdate
273,FR-R38R-62,"LL Road Frame - Red, 62",Road Frames,Components,Red,62,"R ",LL Road Frame,"The LL Frame provides a safe comfortable ride, while offering superior bump absorption in a value-priced aluminum frame.",2022-07-01 00:00:00.000,Outdate
274,FR-R72R-44,"ML Road Frame - Red, 44",Road Frames,Components,Red,44,"R ",ML Road Frame,"Made from the same aluminum alloy as our top-of-the line HL frame, the ML features a lightweight down-tube milled to the perfect diameter for optimal strength. Men's version.",2021-07-01 00:00:00.000,Outdate
275,FR-R72R-48,"ML Road Frame - Red, 48",Road Frames,Components,Red,48,"R ",ML Road Frame,"Made from the same aluminum alloy as our top-of-the line HL frame, the ML features a lightweight down-tube milled to the perfect diameter for optimal strength. Men's version.",2021-07-01 00:00:00.000,Outdate
276,FR-R72R-52,"ML Road Frame - Red, 52",Road Frames,Components,Red,52,"R ",ML Road Frame,"Made from the same aluminum alloy as our top-of-the line HL frame, the ML features a lightweight down-tube milled to the perfect diameter for optimal strength. Men's version.",2021-07-01 00:00:00.000,Outdate
277,FR-R72R-58,"ML Road Frame - Red, 58",Road Frames,Components,Red,58,"R ",ML Road Frame,"Made from the same aluminum alloy as our top-of-the line HL frame, the ML features a lightweight down-tube milled to the perfect diameter for optimal strength. Men's version.",2021-07-01 00:00:00.000,Outdate
278,FR-R72R-60,"ML Road Frame - Red, 60",Road Frames,Components,Red,60,"R ",ML Road Frame,"Made from the same aluminum alloy as our top-of-the line HL frame, the ML features a lightweight down-tube milled to the perfect diameter for optimal strength. Men's version.",2021-07-01 00:00:00.000,Outdate
279,FR-R38B-44,"LL Road Frame - Black, 44",Road Frames,Components,Black,44,"R ",LL Road Frame,"The LL Frame provides a safe comfortable ride, while offering superior bump absorption in a value-priced aluminum frame.",2021-07-01 00:00:00.000,Outdate
280,FR-R38B-44,"LL Road Frame - Black, 44",Road Frames,Components,Black,44,"R ",LL Road Frame,"The LL Frame provides a safe comfortable ride, while offering superior bump absorption in a value-priced aluminum frame.",2022-07-01 00:00:00.000,Outdate
281,FR-R38B-44,"LL Road Frame - Black, 44",Road Frames,Components,Black,44,"R ",LL Road Frame,"The LL Frame provides a safe comfortable ride, while offering superior bump absorption in a value-priced aluminum frame.",2023-07-01 00:00:00.000,Current
282,FR-R38B-48,"LL Road Frame - Black, 48",Road Frames,Components,Black,48,"R ",LL Road Frame,"The LL Frame provides a safe comfortable ride, while offering superior bump absorption in a value-priced aluminum frame.",2021-07-01 00:00:00.000,Outdate
283,FR-R38B-48,"LL Road Frame - Black, 48",Road Frames,Components,Black,48,"R ",LL Road Frame,"The LL Frame provides a safe comfortable ride, while offering superior bump absorption in a value-priced aluminum frame.",2022-07-01 00:00:00.000,Outdate
284,FR-R38B-48,"LL Road Frame - Black, 48",Road Frames,Components,Black,48,"R ",LL Road Frame,"The LL Frame provides a safe comfortable ride, while offering superior bump absorption in a value-priced aluminum frame.",2023-07-01 00:00:00.000,Current
285,FR-R38B-52,"LL Road Frame - Black, 52",Road Frames,Components,Black,52,"R ",LL Road Frame,"The LL Frame provides a safe comfortable ride, while offering superior bump absorption in a value-priced aluminum frame.",2021-07-01 00:00:00.000,Outdate
286,FR-R38B-52,"LL Road Frame - Black, 52",Road Frames,Components,Black,52,"R ",LL Road Frame,"The LL Frame provides a safe comfortable ride, while offering superior bump absorption in a value-priced aluminum frame.",2022-07-01 00:00:00.000,Outdate
287,FR-R38B-52,"LL Road Frame - Black, 52",Road Frames,Components,Black,52,"R ",LL Road Frame,"The LL Frame provides a safe comfortable ride, while offering superior bump absorption in a value-priced aluminum frame.",2023-07-01 00:00:00.000,Current
288,FR-M94S-42,"HL Mountain Frame - Silver, 42",Mountain Frames,Components,Silver,42,"M ",HL Mountain Frame,Each frame is hand-crafted in our Bothell facility to the optimum diameter and wall-thickness required of a premium mountain frame. The heat-treated welded aluminum frame has a larger diameter tube that absorbs the bumps.,2021-07-01 00:00:00.000,Outdate
289,FR-M94S-42,"HL Mountain Frame - Silver, 42",Mountain Frames,Components,Silver,42,"M ",HL Mountain Frame,Each frame is hand-crafted in our Bothell facility to the optimum diameter and wall-thickness required of a premium mountain frame. The heat-treated welded aluminum frame has a larger diameter tube that absorbs the bumps.,2022-07-01 00:00:00.000,Outdate
290,FR-M94S-42,"HL Mountain Frame - Silver, 42",Mountain Frames,Components,Silver,42,"M ",HL Mountain Frame,Each frame is hand-crafted in our Bothell facility to the optimum diameter and wall-thickness required of a premium mountain frame. The heat-treated welded aluminum frame has a larger diameter tube that absorbs the bumps.,2023-07-01 00:00:00.000,Current
291,FR-M94S-44,"HL Mountain Frame - Silver, 44",Mountain Frames,Components,Silver,44,"M ",HL Mountain Frame,Each frame is hand-crafted in our Bothell facility to the optimum diameter and wall-thickness required of a premium mountain frame. The heat-treated welded aluminum frame has a larger diameter tube that absorbs the bumps.,2021-07-01 00:00:00.000,Outdate
292,FR-M94S-52,"HL Mountain Frame - Silver, 48",Mountain Frames,Components,Silver,48,"M ",HL Mountain Frame,Each frame is hand-crafted in our Bothell facility to the optimum diameter and wall-thickness required of a premium mountain frame. The heat-treated welded aluminum frame has a larger diameter tube that absorbs the bumps.,2021-07-01 00:00:00.000,Outdate
293,FR-M94S-46,"HL Mountain Frame - Silver, 46",Mountain Frames,Components,Silver,46,"M ",HL Mountain Frame,Each frame is hand-crafted in our Bothell facility to the optimum diameter and wall-thickness required of a premium mountain frame. The heat-treated welded aluminum frame has a larger diameter tube that absorbs the bumps.,2021-07-01 00:00:00.000,Outdate
294,FR-M94S-46,"HL Mountain Frame - Silver, 46",Mountain Frames,Components,Silver,46,"M ",HL Mountain Frame,Each frame is hand-crafted in our Bothell facility to the optimum diameter and wall-thickness required of a premium mountain frame. The heat-treated welded aluminum frame has a larger diameter tube that absorbs the bumps.,2022-07-01 00:00:00.000,Outdate
295,FR-M94S-46,"HL Mountain Frame - Silver, 46",Mountain Frames,Components,Silver,46,"M ",HL Mountain Frame,Each frame is hand-crafted in our Bothell facility to the optimum diameter and wall-thickness required of a premium mountain frame. The heat-treated welded aluminum frame has a larger diameter tube that absorbs the bumps.,2023-07-01 00:00:00.000,Current
296,FR-M94B-42,"HL Mountain Frame - Black, 42",Mountain Frames,Components,Black,42,"M ",HL Mountain Frame,Each frame is hand-crafted in our Bothell facility to the optimum diameter and wall-thickness required of a premium mountain frame. The heat-treated welded aluminum frame has a larger diameter tube that absorbs the bumps.,2021-07-01 00:00:00.000,Outdate
297,FR-M94B-42,"HL Mountain Frame - Black, 42",Mountain Frames,Components,Black,42,"M ",HL Mountain Frame,Each frame is hand-crafted in our Bothell facility to the optimum diameter and wall-thickness required of a premium mountain frame. The heat-treated welded aluminum frame has a larger diameter tube that absorbs the bumps.,2022-07-01 00:00:00.000,Outdate
298,FR-M94B-42,"HL Mountain Frame - Black, 42",Mountain Frames,Components,Black,42,"M ",HL Mountain Frame,Each frame is hand-crafted in our Bothell facility to the optimum diameter and wall-thickness required of a premium mountain frame. The heat-treated welded aluminum frame has a larger diameter tube that absorbs the bumps.,2023-07-01 00:00:00.000,Current
299,FR-M94B-44,"HL Mountain Frame - Black, 44",Mountain Frames,Components,Black,44,"M ",HL Mountain Frame,Each frame is hand-crafted in our Bothell facility to the optimum diameter and wall-thickness required of a premium mountain frame. The heat-treated welded aluminum frame has a larger diameter tube that absorbs the bumps.,2021-07-01 00:00:00.000,Outdate
300,FR-M94B-48,"HL Mountain Frame - Black, 48",Mountain Frames,Components,Black,48,"M ",HL Mountain Frame,Each frame is hand-crafted in our Bothell facility to the optimum diameter and wall-thickness required of a premium mountain frame. The heat-treated welded aluminum frame has a larger diameter tube that absorbs the bumps.,2021-07-01 00:00:00.000,Outdate
301,FR-M94B-46,"HL Mountain Frame - Black, 46",Mountain Frames,Components,Black,46,"M ",HL Mountain Frame,Each frame is hand-crafted in our Bothell facility to the optimum diameter and wall-thickness required of a premium mountain frame. The heat-treated welded aluminum frame has a larger diameter tube that absorbs the bumps.,2021-07-01 00:00:00.000,Outdate
302,FR-M94B-46,"HL Mountain Frame - Black, 46",Mountain Frames,Components,Black,46,"M ",HL Mountain Frame,Each frame is hand-crafted in our Bothell facility to the optimum diameter and wall-thickness required of a premium mountain frame. The heat-treated welded aluminum frame has a larger diameter tube that absorbs the bumps.,2022-07-01 00:00:00.000,Outdate
303,FR-M94B-46,"HL Mountain Frame - Black, 46",Mountain Frames,Components,Black,46,"M ",HL Mountain Frame,Each frame is hand-crafted in our Bothell facility to the optimum diameter and wall-thickness required of a premium mountain frame. The heat-treated welded aluminum frame has a larger diameter tube that absorbs the bumps.,2023-07-01 00:00:00.000,Current
304,FR-M94B-38,"HL Mountain Frame - Black, 38",Mountain Frames,Components,Black,38,"M ",HL Mountain Frame,Each frame is hand-crafted in our Bothell facility to the optimum diameter and wall-thickness required of a premium mountain frame. The heat-treated welded aluminum frame has a larger diameter tube that absorbs the bumps.,2021-07-01 00:00:00.000,Outdate
305,FR-M94B-38,"HL Mountain Frame - Black, 38",Mountain Frames,Components,Black,38,"M ",HL Mountain Frame,Each frame is hand-crafted in our Bothell facility to the optimum diameter and wall-thickness required of a premium mountain frame. The heat-treated welded aluminum frame has a larger diameter tube that absorbs the bumps.,2022-07-01 00:00:00.000,Outdate
306,FR-M94B-38,"HL Mountain Frame - Black, 38",Mountain Frames,Components,Black,38,"M ",HL Mountain Frame,Each frame is hand-crafted in our Bothell facility to the optimum diameter and wall-thickness required of a premium mountain frame. The heat-treated welded aluminum frame has a larger diameter tube that absorbs the bumps.,2023-07-01 00:00:00.000,Current
307,FR-M94S-38,"HL Mountain Frame - Silver, 38",Mountain Frames,Components,Silver,38,"M ",HL Mountain Frame,Each frame is hand-crafted in our Bothell facility to the optimum diameter and wall-thickness required of a premium mountain frame. The heat-treated welded aluminum frame has a larger diameter tube that absorbs the bumps.,2021-07-01 00:00:00.000,Outdate
308,FR-M94S-38,"HL Mountain Frame - Silver, 38",Mountain Frames,Components,Silver,38,"M ",HL Mountain Frame,Each frame is hand-crafted in our Bothell facility to the optimum diameter and wall-thickness required of a premium mountain frame. The heat-treated welded aluminum frame has a larger diameter tube that absorbs the bumps.,2022-07-01 00:00:00.000,Outdate
309,FR-M94S-38,"HL Mountain Frame - Silver, 38",Mountain Frames,Components,Silver,38,"M ",HL Mountain Frame,Each frame is hand-crafted in our Bothell facility to the optimum diameter and wall-thickness required of a premium mountain frame. The heat-treated welded aluminum frame has a larger diameter tube that absorbs the bumps.,2023-07-01 00:00:00.000,Current
310,BK-R93R-62,"Road-150 Red, 62",Road Bikes,Bikes,Red,62,"R ",Road-150,"This bike is ridden by race winners. Developed with the Adventure Works Cycles professional race team, it has a extremely light heat-treated aluminum frame, and steering that allows precision control.",2021-07-01 00:00:00.000,Outdate
311,BK-R93R-44,"Road-150 Red, 44",Road Bikes,Bikes,Red,44,"R ",Road-150,"This bike is ridden by race winners. Developed with the Adventure Works Cycles professional race team, it has a extremely light heat-treated aluminum frame, and steering that allows precision control.",2021-07-01 00:00:00.000,Outdate
312,BK-R93R-48,"Road-150 Red, 48",Road Bikes,Bikes,Red,48,"R ",Road-150,"This bike is ridden by race winners. Developed with the Adventure Works Cycles professional race team, it has a extremely light heat-treated aluminum frame, and steering that allows precision control.",2021-07-01 00:00:00.000,Outdate
313,BK-R93R-52,"Road-150 Red, 52",Road Bikes,Bikes,Red,52,"R ",Road-150,"This bike is ridden by race winners. Developed with the Adventure Works Cycles professional race team, it has a extremely light heat-treated aluminum frame, and steering that allows precision control.",2021-07-01 00:00:00.000,Outdate
314,BK-R93R-56,"Road-150 Red, 56",Road Bikes,Bikes,Red,56,"R ",Road-150,"This bike is ridden by race winners. Developed with the Adventure Works Cycles professional race team, it has a extremely light heat-treated aluminum frame, and steering that allows precision control.",2021-07-01 00:00:00.000,Outdate
315,BK-R68R-58,"Road-450 Red, 58",Road Bikes,Bikes,Red,58,"R ",Road-450,"A true multi-sport bike that offers streamlined riding and a revolutionary design. Aerodynamic design lets you ride with the pros, and the gearing will conquer hilly roads.",2021-07-01 00:00:00.000,Outdate
316,BK-R68R-60,"Road-450 Red, 60",Road Bikes,Bikes,Red,60,"R ",Road-450,"A true multi-sport bike that offers streamlined riding and a revolutionary design. Aerodynamic design lets you ride with the pros, and the gearing will conquer hilly roads.",2021-07-01 00:00:00.000,Outdate
317,BK-R68R-44,"Road-450 Red, 44",Road Bikes,Bikes,Red,44,"R ",Road-450,"A true multi-sport bike that offers streamlined riding and a revolutionary design. Aerodynamic design lets you ride with the pros, and the gearing will conquer hilly roads.",2021-07-01 00:00:00.000,Outdate
318,BK-R68R-48,"Road-450 Red, 48",Road Bikes,Bikes,Red,48,"R ",Road-450,"A true multi-sport bike that offers streamlined riding and a revolutionary design. Aerodynamic design lets you ride with the pros, and the gearing will conquer hilly roads.",2021-07-01 00:00:00.000,Outdate
319,BK-R68R-52,"Road-450 Red, 52",Road Bikes,Bikes,Red,52,"R ",Road-450,"A true multi-sport bike that offers streamlined riding and a revolutionary design. Aerodynamic design lets you ride with the pros, and the gearing will conquer hilly roads.",2021-07-01 00:00:00.000,Outdate
320,BK-R50R-58,"Road-650 Red, 58",Road Bikes,Bikes,Red,58,"R ",Road-650,"Value-priced bike with many features of our top-of-the-line models. Has the same light, stiff frame, and the quick acceleration we're famous for.",2021-07-01 00:00:00.000,Outdate
321,BK-R50R-58,"Road-650 Red, 58",Road Bikes,Bikes,Red,58,"R ",Road-650,"Value-priced bike with many features of our top-of-the-line models. Has the same light, stiff frame, and the quick acceleration we're famous for.",2022-07-01 00:00:00.000,Outdate
322,BK-R50R-60,"Road-650 Red, 60",Road Bikes,Bikes,Red,60,"R ",Road-650,"Value-priced bike with many features of our top-of-the-line models. Has the same light, stiff frame, and the quick acceleration we're famous for.",2021-07-01 00:00:00.000,Outdate
323,BK-R50R-60,"Road-650 Red, 60",Road Bikes,Bikes,Red,60,"R ",Road-650,"Value-priced bike with many features of our top-of-the-line models. Has the same light, stiff frame, and the quick acceleration we're famous for.",2022-07-01 00:00:00.000,Outdate
324,BK-R50R-62,"Road-650 Red, 62",Road Bikes,Bikes,Red,62,"R ",Road-650,"Value-priced bike with many features of our top-of-the-line models. Has the same light, stiff frame, and the quick acceleration we're famous for.",2021-07-01 00:00:00.000,Outdate
325,BK-R50R-62,"Road-650 Red, 62",Road Bikes,Bikes,Red,62,"R ",Road-650,"Value-priced bike with many features of our top-of-the-line models. Has the same light, stiff frame, and the quick acceleration we're famous for.",2022-07-01 00:00:00.000,Outdate
326,BK-R50R-44,"Road-650 Red, 44",Road Bikes,Bikes,Red,44,"R ",Road-650,"Value-priced bike with many features of our top-of-the-line models. Has the same light, stiff frame, and the quick acceleration we're famous for.",2021-07-01 00:00:00.000,Outdate
327,BK-R50R-44,"Road-650 Red, 44",Road Bikes,Bikes,Red,44,"R ",Road-650,"Value-priced bike with many features of our top-of-the-line models. Has the same light, stiff frame, and the quick acceleration we're famous for.",2022-07-01 00:00:00.000,Outdate
328,BK-R50R-48,"Road-650 Red, 48",Road Bikes,Bikes,Red,48,"R ",Road-650,"Value-priced bike with many features of our top-of-the-line models. Has the same light, stiff frame, and the quick acceleration we're famous for.",2021-07-01 00:00:00.000,Outdate
329,BK-R50R-48,"Road-650 Red, 48",Road Bikes,Bikes,Red,48,"R ",Road-650,"Value-priced bike with many features of our top-of-the-line models. Has the same light, stiff frame, and the quick acceleration we're famous for.",2022-07-01 00:00:00.000,Outdate
330,BK-R50R-52,"Road-650 Red, 52",Road Bikes,Bikes,Red,52,"R ",Road-650,"Value-priced bike with many features of our top-of-the-line models. Has the same light, stiff frame, and the quick acceleration we're famous for.",2021-07-01 00:00:00.000,Outdate
331,BK-R50R-52,"Road-650 Red, 52",Road Bikes,Bikes,Red,52,"R ",Road-650,"Value-priced bike with many features of our top-of-the-line models. Has the same light, stiff frame, and the quick acceleration we're famous for.",2022-07-01 00:00:00.000,Outdate
332,BK-R50B-58,"Road-650 Black, 58",Road Bikes,Bikes,Black,58,"R ",Road-650,"Value-priced bike with many features of our top-of-the-line models. Has the same light, stiff frame, and the quick acceleration we're famous for.",2021-07-01 00:00:00.000,Outdate
333,BK-R50B-58,"Road-650 Black, 58",Road Bikes,Bikes,Black,58,"R ",Road-650,"Value-priced bike with many features of our top-of-the-line models. Has the same light, stiff frame, and the quick acceleration we're famous for.",2022-07-01 00:00:00.000,Outdate
334,BK-R50B-60,"Road-650 Black, 60",Road Bikes,Bikes,Black,60,"R ",Road-650,"Value-priced bike with many features of our top-of-the-line models. Has the same light, stiff frame, and the quick acceleration we're famous for.",2021-07-01 00:00:00.000,Outdate
335,BK-R50B-60,"Road-650 Black, 60",Road Bikes,Bikes,Black,60,"R ",Road-650,"Value-priced bike with many features of our top-of-the-line models. Has the same light, stiff frame, and the quick acceleration we're famous for.",2022-07-01 00:00:00.000,Outdate
336,BK-R50B-62,"Road-650 Black, 62",Road Bikes,Bikes,Black,62,"R ",Road-650,"Value-priced bike with many features of our top-of-the-line models. Has the same light, stiff frame, and the quick acceleration we're famous for.",2021-07-01 00:00:00.000,Outdate
337,BK-R50B-62,"Road-650 Black, 62",Road Bikes,Bikes,Black,62,"R ",Road-650,"Value-priced bike with many features of our top-of-the-line models. Has the same light, stiff frame, and the quick acceleration we're famous for.",2022-07-01 00:00:00.000,Outdate
338,BK-R50B-44,"Road-650 Black, 44",Road Bikes,Bikes,Black,44,"R ",Road-650,"Value-priced bike with many features of our top-of-the-line models. Has the same light, stiff frame, and the quick acceleration we're famous for.",2021-07-01 00:00:00.000,Outdate
339,BK-R50B-44,"Road-650 Black, 44",Road Bikes,Bikes,Black,44,"R ",Road-650,"Value-priced bike with many features of our top-of-the-line models. Has the same light, stiff frame, and the quick acceleration we're famous for.",2022-07-01 00:00:00.000,Outdate
340,BK-R50B-48,"Road-650 Black, 48",Road Bikes,Bikes,Black,48,"R ",Road-650,"Value-priced bike with many features of our top-of-the-line models. Has the same light, stiff frame, and the quick acceleration we're famous for.",2021-07-01 00:00:00.000,Outdate
341,BK-R50B-48,"Road-650 Black, 48",Road Bikes,Bikes,Black,48,"R ",Road-650,"Value-priced bike with many features of our top-of-the-line models. Has the same light, stiff frame, and the quick acceleration we're famous for.",2022-07-01 00:00:00.000,Outdate
342,BK-R50B-52,"Road-650 Black, 52",Road Bikes,Bikes,Black,52,"R ",Road-650,"Value-priced bike with many features of our top-of-the-line models. Has the same light, stiff frame, and the quick acceleration we're famous for.",2021-07-01 00:00:00.000,Outdate
343,BK-R50B-52,"Road-650 Black, 52",Road Bikes,Bikes,Black,52,"R ",Road-650,"Value-priced bike with many features of our top-of-the-line models. Has the same light, stiff frame, and the quick acceleration we're famous for.",2022-07-01 00:00:00.000,Outdate
344,BK-M82S-38,"Mountain-100 Silver, 38",Mountain Bikes,Bikes,Silver,38,"M ",Mountain-100,"Top-of-the-line competition mountain bike. Performance-enhancing options include the innovative HL Frame, super-smooth front suspension, and traction for all terrain.",2021-07-01 00:00:00.000,Outdate
345,BK-M82S-42,"Mountain-100 Silver, 42",Mountain Bikes,Bikes,Silver,42,"M ",Mountain-100,"Top-of-the-line competition mountain bike. Performance-enhancing options include the innovative HL Frame, super-smooth front suspension, and traction for all terrain.",2021-07-01 00:00:00.000,Outdate
346,BK-M82S-44,"Mountain-100 Silver, 44",Mountain Bikes,Bikes,Silver,44,"M ",Mountain-100,"Top-of-the-line competition mountain bike. Performance-enhancing options include the innovative HL Frame, super-smooth front suspension, and traction for all terrain.",2021-07-01 00:00:00.000,Outdate
347,BK-M82S-48,"Mountain-100 Silver, 48",Mountain Bikes,Bikes,Silver,48,"M ",Mountain-100,"Top-of-the-line competition mountain bike. Performance-enhancing options include the innovative HL Frame, super-smooth front suspension, and traction for all terrain.",2021-07-01 00:00:00.000,Outdate
348,BK-M82B-38,"Mountain-100 Black, 38",Mountain Bikes,Bikes,Black,38,"M ",Mountain-100,"Top-of-the-line competition mountain bike. Performance-enhancing options include the innovative HL Frame, super-smooth front suspension, and traction for all terrain.",2021-07-01 00:00:00.000,Outdate
349,BK-M82B-42,"Mountain-100 Black, 42",Mountain Bikes,Bikes,Black,42,"M ",Mountain-100,"Top-of-the-line competition mountain bike. Performance-enhancing options include the innovative HL Frame, super-smooth front suspension, and traction for all terrain.",2021-07-01 00:00:00.000,Outdate
350,BK-M82B-44,"Mountain-100 Black, 44",Mountain Bikes,Bikes,Black,44,"M ",Mountain-100,"Top-of-the-line competition mountain bike. Performance-enhancing options include the innovative HL Frame, super-smooth front suspension, and traction for all terrain.",2021-07-01 00:00:00.000,Outdate
351,BK-M82B-48,"Mountain-100 Black, 48",Mountain Bikes,Bikes,Black,48,"M ",Mountain-100,"Top-of-the-line competition mountain bike. Performance-enhancing options include the innovative HL Frame, super-smooth front suspension, and traction for all terrain.",2021-07-01 00:00:00.000,Outdate
352,BK-M68S-38,"Mountain-200 Silver, 38",Mountain Bikes,Bikes,Silver,38,"M ",Mountain-200,Serious back-country riding. Perfect for all levels of competition. Uses the same HL Frame as the Mountain-100.,2022-07-01 00:00:00.000,Outdate
353,BK-M68S-38,"Mountain-200 Silver, 38",Mountain Bikes,Bikes,Silver,38,"M ",Mountain-200,Serious back-country riding. Perfect for all levels of competition. Uses the same HL Frame as the Mountain-100.,2023-07-01 00:00:00.000,Current
354,BK-M68S-42,"Mountain-200 Silver, 42",Mountain Bikes,Bikes,Silver,42,"M ",Mountain-200,Serious back-country riding. Perfect for all levels of competition. Uses the same HL Frame as the Mountain-100.,2022-07-01 00:00:00.000,Outdate
355,BK-M68S-42,"Mountain-200 Silver, 42",Mountain Bikes,Bikes,Silver,42,"M ",Mountain-200,Serious back-country riding. Perfect for all levels of competition. Uses the same HL Frame as the Mountain-100.,2023-07-01 00:00:00.000,Current
356,BK-M68S-46,"Mountain-200 Silver, 46",Mountain Bikes,Bikes,Silver,46,"M ",Mountain-200,Serious back-country riding. Perfect for all levels of competition. Uses the same HL Frame as the Mountain-100.,2022-07-01 00:00:00.000,Outdate
357,BK-M68S-46,"Mountain-200 Silver, 46",Mountain Bikes,Bikes,Silver,46,"M ",Mountain-200,Serious back-country riding. Perfect for all levels of competition. Uses the same HL Frame as the Mountain-100.,2023-07-01 00:00:00.000,Current
358,BK-M68B-38,"Mountain-200 Black, 38",Mountain Bikes,Bikes,Black,38,"M ",Mountain-200,Serious back-country riding. Perfect for all levels of competition. Uses the same HL Frame as the Mountain-100.,2022-07-01 00:00:00.000,Outdate
359,BK-M68B-38,"Mountain-200 Black, 38",Mountain Bikes,Bikes,Black,38,"M ",Mountain-200,Serious back-country riding. Perfect for all levels of competition. Uses the same HL Frame as the Mountain-100.,2023-07-01 00:00:00.000,Current
360,BK-M68B-42,"Mountain-200 Black, 42",Mountain Bikes,Bikes,Black,42,"M ",Mountain-200,Serious back-country riding. Perfect for all levels of competition. Uses the same HL Frame as the Mountain-100.,2022-07-01 00:00:00.000,Outdate
361,BK-M68B-42,"Mountain-200 Black, 42",Mountain Bikes,Bikes,Black,42,"M ",Mountain-200,Serious back-country riding. Perfect for all levels of competition. Uses the same HL Frame as the Mountain-100.,2023-07-01 00:00:00.000,Current
362,BK-M68B-46,"Mountain-200 Black, 46",Mountain Bikes,Bikes,Black,46,"M ",Mountain-200,Serious back-country riding. Perfect for all levels of competition. Uses the same HL Frame as the Mountain-100.,2022-07-01 00:00:00.000,Outdate
363,BK-M68B-46,"Mountain-200 Black, 46",Mountain Bikes,Bikes,Black,46,"M ",Mountain-200,Serious back-country riding. Perfect for all levels of competition. Uses the same HL Frame as the Mountain-100.,2023-07-01 00:00:00.000,Current
364,BK-M47B-38,"Mountain-300 Black, 38",Mountain Bikes,Bikes,Black,38,"M ",Mountain-300,For true trail addicts.  An extremely durable bike that will go anywhere and keep you in control on challenging terrain - without breaking your budget.,2022-07-01 00:00:00.000,Outdate
365,BK-M47B-40,"Mountain-300 Black, 40",Mountain Bikes,Bikes,Black,40,"M ",Mountain-300,For true trail addicts.  An extremely durable bike that will go anywhere and keep you in control on challenging terrain - without breaking your budget.,2022-07-01 00:00:00.000,Outdate
366,BK-M47B-44,"Mountain-300 Black, 44",Mountain Bikes,Bikes,Black,44,"M ",Mountain-300,For true trail addicts.  An extremely durable bike that will go anywhere and keep you in control on challenging terrain - without breaking your budget.,2022-07-01 00:00:00.000,Outdate
367,BK-M47B-48,"Mountain-300 Black, 48",Mountain Bikes,Bikes,Black,48,"M ",Mountain-300,For true trail addicts.  An extremely durable bike that will go anywhere and keep you in control on challenging terrain - without breaking your budget.,2022-07-01 00:00:00.000,Outdate
368,BK-R89R-44,"Road-250 Red, 44",Road Bikes,Bikes,Red,44,"R ",Road-250,"Alluminum-alloy frame provides a light, stiff ride, whether you are racing in the velodrome or on a demanding club ride on country roads.",2022-07-01 00:00:00.000,Outdate
369,BK-R89R-48,"Road-250 Red, 48",Road Bikes,Bikes,Red,48,"R ",Road-250,"Alluminum-alloy frame provides a light, stiff ride, whether you are racing in the velodrome or on a demanding club ride on country roads.",2022-07-01 00:00:00.000,Outdate
370,BK-R89R-52,"Road-250 Red, 52",Road Bikes,Bikes,Red,52,"R ",Road-250,"Alluminum-alloy frame provides a light, stiff ride, whether you are racing in the velodrome or on a demanding club ride on country roads.",2022-07-01 00:00:00.000,Outdate
371,BK-R89R-58,"Road-250 Red, 58",Road Bikes,Bikes,Red,58,"R ",Road-250,"Alluminum-alloy frame provides a light, stiff ride, whether you are racing in the velodrome or on a demanding club ride on country roads.",2022-07-01 00:00:00.000,Outdate
372,BK-R89R-58,"Road-250 Red, 58",Road Bikes,Bikes,Red,58,"R ",Road-250,"Alluminum-alloy frame provides a light, stiff ride, whether you are racing in the velodrome or on a demanding club ride on country roads.",2023-07-01 00:00:00.000,Current
373,BK-R89B-44,"Road-250 Black, 44",Road Bikes,Bikes,Black,44,"R ",Road-250,"Alluminum-alloy frame provides a light, stiff ride, whether you are racing in the velodrome or on a demanding club ride on country roads.",2022-07-01 00:00:00.000,Outdate
374,BK-R89B-44,"Road-250 Black, 44",Road Bikes,Bikes,Black,44,"R ",Road-250,"Alluminum-alloy frame provides a light, stiff ride, whether you are racing in the velodrome or on a demanding club ride on country roads.",2023-07-01 00:00:00.000,Current
375,BK-R89B-48,"Road-250 Black, 48",Road Bikes,Bikes,Black,48,"R ",Road-250,"Alluminum-alloy frame provides a light, stiff ride, whether you are racing in the velodrome or on a demanding club ride on country roads.",2022-07-01 00:00:00.000,Outdate
376,BK-R89B-48,"Road-250 Black, 48",Road Bikes,Bikes,Black,48,"R ",Road-250,"Alluminum-alloy frame provides a light, stiff ride, whether you are racing in the velodrome or on a demanding club ride on country roads.",2023-07-01 00:00:00.000,Current
377,BK-R89B-52,"Road-250 Black, 52",Road Bikes,Bikes,Black,52,"R ",Road-250,"Alluminum-alloy frame provides a light, stiff ride, whether you are racing in the velodrome or on a demanding club ride on country roads.",2022-07-01 00:00:00.000,Outdate
378,BK-R89B-52,"Road-250 Black, 52",Road Bikes,Bikes,Black,52,"R ",Road-250,"Alluminum-alloy frame provides a light, stiff ride, whether you are racing in the velodrome or on a demanding club ride on country roads.",2023-07-01 00:00:00.000,Current
379,BK-R89B-58,"Road-250 Black, 58",Road Bikes,Bikes,Black,58,"R ",Road-250,"Alluminum-alloy frame provides a light, stiff ride, whether you are racing in the velodrome or on a demanding club ride on country roads.",2022-07-01 00:00:00.000,Outdate
380,BK-R89B-58,"Road-250 Black, 58",Road Bikes,Bikes,Black,58,"R ",Road-250,"Alluminum-alloy frame provides a light, stiff ride, whether you are racing in the velodrome or on a demanding club ride on country roads.",2023-07-01 00:00:00.000,Current
381,BK-R64Y-38,"Road-550-W Yellow, 38",Road Bikes,Bikes,Yellow,38,"R ",Road-550-W,"Same technology as all of our Road series bikes, but the frame is sized for a woman.  Perfect all-around bike for road or racing.",2022-07-01 00:00:00.000,Outdate
382,BK-R64Y-38,"Road-550-W Yellow, 38",Road Bikes,Bikes,Yellow,38,"R ",Road-550-W,"Same technology as all of our Road series bikes, but the frame is sized for a woman.  Perfect all-around bike for road or racing.",2023-07-01 00:00:00.000,Current
383,BK-R64Y-40,"Road-550-W Yellow, 40",Road Bikes,Bikes,Yellow,40,"R ",Road-550-W,"Same technology as all of our Road series bikes, but the frame is sized for a woman.  Perfect all-around bike for road or racing.",2022-07-01 00:00:00.000,Outdate
384,BK-R64Y-40,"Road-550-W Yellow, 40",Road Bikes,Bikes,Yellow,40,"R ",Road-550-W,"Same technology as all of our Road series bikes, but the frame is sized for a woman.  Perfect all-around bike for road or racing.",2023-07-01 00:00:00.000,Current
385,BK-R64Y-42,"Road-550-W Yellow, 42",Road Bikes,Bikes,Yellow,42,"R ",Road-550-W,"Same technology as all of our Road series bikes, but the frame is sized for a woman.  Perfect all-around bike for road or racing.",2022-07-01 00:00:00.000,Outdate
386,BK-R64Y-42,"Road-550-W Yellow, 42",Road Bikes,Bikes,Yellow,42,"R ",Road-550-W,"Same technology as all of our Road series bikes, but the frame is sized for a woman.  Perfect all-around bike for road or racing.",2023-07-01 00:00:00.000,Current
387,BK-R64Y-44,"Road-550-W Yellow, 44",Road Bikes,Bikes,Yellow,44,"R ",Road-550-W,"Same technology as all of our Road series bikes, but the frame is sized for a woman.  Perfect all-around bike for road or racing.",2022-07-01 00:00:00.000,Outdate
388,BK-R64Y-44,"Road-550-W Yellow, 44",Road Bikes,Bikes,Yellow,44,"R ",Road-550-W,"Same technology as all of our Road series bikes, but the frame is sized for a woman.  Perfect all-around bike for road or racing.",2023-07-01 00:00:00.000,Current
389,BK-R64Y-48,"Road-550-W Yellow, 48",Road Bikes,Bikes,Yellow,48,"R ",Road-550-W,"Same technology as all of our Road series bikes, but the frame is sized for a woman.  Perfect all-around bike for road or racing.",2022-07-01 00:00:00.000,Outdate
390,BK-R64Y-48,"Road-550-W Yellow, 48",Road Bikes,Bikes,Yellow,48,"R ",Road-550-W,"Same technology as all of our Road series bikes, but the frame is sized for a woman.  Perfect all-around bike for road or racing.",2023-07-01 00:00:00.000,Current
391,FK-1639,LL Fork,Forks,Components,NA,NULL,NULL,LL Fork,Stout design absorbs shock and offers more precise steering.,2022-07-01 00:00:00.000,Outdate
392,FK-5136,ML Fork,Forks,Components,NA,NULL,NULL,ML Fork,Composite road fork with an aluminum steerer tube.,2022-07-01 00:00:00.000,Outdate
393,FK-9939,HL Fork,Forks,Components,NA,NULL,NULL,HL Fork,High-performance carbon road fork with curved legs.,2022-07-01 00:00:00.000,Outdate
394,HS-0296,LL Headset,Headsets,Components,NA,NULL,NULL,LL Headset,Threadless headset provides quality at an economical price.,2022-07-01 00:00:00.000,Outdate
395,HS-2451,ML Headset,Headsets,Components,NA,NULL,NULL,ML Headset,Sealed cartridge keeps dirt out.,2022-07-01 00:00:00.000,Outdate
396,HS-3479,HL Headset,Headsets,Components,NA,NULL,NULL,HL Headset,"High-quality 1"" threadless headset with a grease port for quick lubrication.",2022-07-01 00:00:00.000,Outdate
397,HB-M243,LL Mountain Handlebars,Handlebars,Components,NA,NULL,"M ",LL Mountain Handlebars,All-purpose bar for on or off-road.,2022-07-01 00:00:00.000,Outdate
398,HB-M243,LL Mountain Handlebars,Handlebars,Components,NA,NULL,"M ",LL Mountain Handlebars,All-purpose bar for on or off-road.,2023-07-01 00:00:00.000,Current
399,HB-M763,ML Mountain Handlebars,Handlebars,Components,NA,NULL,"M ",ML Mountain Handlebars,Tough aluminum alloy bars for downhill.,2022-07-01 00:00:00.000,Outdate
400,HB-M763,ML Mountain Handlebars,Handlebars,Components,NA,NULL,"M ",ML Mountain Handlebars,Tough aluminum alloy bars for downhill.,2023-07-01 00:00:00.000,Current
401,HB-M918,HL Mountain Handlebars,Handlebars,Components,NA,NULL,"M ",HL Mountain Handlebars,Flat bar strong enough for the pro circuit.,2022-07-01 00:00:00.000,Outdate
402,HB-M918,HL Mountain Handlebars,Handlebars,Components,NA,NULL,"M ",HL Mountain Handlebars,Flat bar strong enough for the pro circuit.,2023-07-01 00:00:00.000,Current
403,HB-R504,LL Road Handlebars,Handlebars,Components,NA,NULL,"R ",LL Road Handlebars,Unique shape provides easier reach to the levers.,2022-07-01 00:00:00.000,Outdate
404,HB-R504,LL Road Handlebars,Handlebars,Components,NA,NULL,"R ",LL Road Handlebars,Unique shape provides easier reach to the levers.,2023-07-01 00:00:00.000,Current
405,HB-R720,ML Road Handlebars,Handlebars,Components,NA,NULL,"R ",ML Road Handlebars,Anatomically shaped aluminum tube bar will suit all riders.,2022-07-01 00:00:00.000,Outdate
406,HB-R720,ML Road Handlebars,Handlebars,Components,NA,NULL,"R ",ML Road Handlebars,Anatomically shaped aluminum tube bar will suit all riders.,2023-07-01 00:00:00.000,Current
407,HB-R956,HL Road Handlebars,Handlebars,Components,NA,NULL,"R ",HL Road Handlebars,Designed for racers; high-end anatomically shaped bar from aluminum alloy.,2022-07-01 00:00:00.000,Outdate
408,HB-R956,HL Road Handlebars,Handlebars,Components,NA,NULL,"R ",HL Road Handlebars,Designed for racers; high-end anatomically shaped bar from aluminum alloy.,2023-07-01 00:00:00.000,Current
409,FR-M63B-38,"ML Mountain Frame - Black, 38",Mountain Frames,Components,Black,38,"M ",ML Mountain Frame-W,The ML frame is a heat-treated aluminum frame made with the same detail and quality as our HL frame. It offers superior performance. Men's version.,2022-07-01 00:00:00.000,Outdate
410,FW-M423,LL Mountain Front Wheel,Wheels,Components,Black,NULL,"M ",LL Mountain Front Wheel,Replacement mountain wheel for entry-level rider.,2022-07-01 00:00:00.000,Outdate
411,FW-M762,ML Mountain Front Wheel,Wheels,Components,Black,NULL,"M ",ML Mountain Front Wheel,Replacement mountain wheel for the casual to serious rider.,2022-07-01 00:00:00.000,Outdate
412,FW-M928,HL Mountain Front Wheel,Wheels,Components,Black,NULL,"M ",HL Mountain Front Wheel,High-performance mountain replacement wheel.,2022-07-01 00:00:00.000,Outdate
413,FW-R623,LL Road Front Wheel,Wheels,Components,Black,NULL,"R ",LL Road Front Wheel,Replacement road front wheel for entry-level cyclist.,2022-07-01 00:00:00.000,Outdate
414,FW-R762,ML Road Front Wheel,Wheels,Components,Black,NULL,"R ",ML Road Front Wheel,Sturdy alloy features a quick-release hub.,2022-07-01 00:00:00.000,Outdate
415,FW-R820,HL Road Front Wheel,Wheels,Components,Black,NULL,"R ",HL Road Front Wheel,Strong wheel with double-walled rim.,2022-07-01 00:00:00.000,Outdate
416,FW-T905,Touring Front Wheel,Wheels,Components,Black,NULL,"T ",Touring Front Wheel,Aerodynamic rims for smooth riding.,2022-07-01 00:00:00.000,Outdate
417,FR-R72Y-38,"ML Road Frame-W - Yellow, 38",Road Frames,Components,Yellow,38,"R ",ML Road Frame-W,"Made from the same aluminum alloy as our top-of-the line HL frame, the ML features a lightweight down-tube milled to the perfect diameter for optimal strength. Women's version.",2022-07-01 00:00:00.000,Outdate
418,FR-R72Y-38,"ML Road Frame-W - Yellow, 38",Road Frames,Components,Yellow,38,"R ",ML Road Frame-W,"Made from the same aluminum alloy as our top-of-the line HL frame, the ML features a lightweight down-tube milled to the perfect diameter for optimal strength. Women's version.",2023-07-01 00:00:00.000,Current
419,RW-M423,LL Mountain Rear Wheel,Wheels,Components,Black,NULL,"M ",LL Mountain Rear Wheel,Replacement mountain wheel for entry-level rider.,2022-07-01 00:00:00.000,Outdate
420,RW-M762,ML Mountain Rear Wheel,Wheels,Components,Black,NULL,"M ",ML Mountain Rear Wheel,Replacement mountain wheel for the casual to serious rider.,2022-07-01 00:00:00.000,Outdate
421,RW-M928,HL Mountain Rear Wheel,Wheels,Components,Black,NULL,"M ",HL Mountain Rear Wheel,High-performance mountain replacement wheel.,2022-07-01 00:00:00.000,Outdate
422,RW-R623,LL Road Rear Wheel,Wheels,Components,Black,NULL,"R ",LL Road Rear Wheel,Replacement road rear wheel for entry-level cyclist.,2022-07-01 00:00:00.000,Outdate
423,RW-R762,ML Road Rear Wheel,Wheels,Components,Black,NULL,"R ",ML Road Rear Wheel,Aluminum alloy rim with stainless steel spokes; built for speed.,2022-07-01 00:00:00.000,Outdate
424,RW-R820,HL Road Rear Wheel,Wheels,Components,Black,NULL,"R ",HL Road Rear Wheel,Strong rear wheel with double-walled rim.,2022-07-01 00:00:00.000,Outdate
425,RW-T905,Touring Rear Wheel,Wheels,Components,Black,NULL,"T ",Touring Rear Wheel,Excellent aerodynamic rims guarantee a smooth ride.,2022-07-01 00:00:00.000,Outdate
426,FR-M63B-40,"ML Mountain Frame - Black, 40",Mountain Frames,Components,Black,40,"M ",ML Mountain Frame,The ML frame is a heat-treated aluminum frame made with the same detail and quality as our HL frame. It offers superior performance. Women's version.,2022-07-01 00:00:00.000,Outdate
427,FR-M63B-44,"ML Mountain Frame - Black, 44",Mountain Frames,Components,Black,44,"M ",ML Mountain Frame,The ML frame is a heat-treated aluminum frame made with the same detail and quality as our HL frame. It offers superior performance. Women's version.,2022-07-01 00:00:00.000,Outdate
428,FR-M63B-48,"ML Mountain Frame - Black, 48",Mountain Frames,Components,Black,48,"M ",ML Mountain Frame,The ML frame is a heat-treated aluminum frame made with the same detail and quality as our HL frame. It offers superior performance. Women's version.,2022-07-01 00:00:00.000,Outdate
429,FR-R72Y-40,"ML Road Frame-W - Yellow, 40",Road Frames,Components,Yellow,40,"R ",ML Road Frame-W,"Made from the same aluminum alloy as our top-of-the line HL frame, the ML features a lightweight down-tube milled to the perfect diameter for optimal strength. Women's version.",2022-07-01 00:00:00.000,Outdate
430,FR-R72Y-40,"ML Road Frame-W - Yellow, 40",Road Frames,Components,Yellow,40,"R ",ML Road Frame-W,"Made from the same aluminum alloy as our top-of-the line HL frame, the ML features a lightweight down-tube milled to the perfect diameter for optimal strength. Women's version.",2023-07-01 00:00:00.000,Current
431,FR-R72Y-42,"ML Road Frame-W - Yellow, 42",Road Frames,Components,Yellow,42,"R ",ML Road Frame-W,"Made from the same aluminum alloy as our top-of-the line HL frame, the ML features a lightweight down-tube milled to the perfect diameter for optimal strength. Women's version.",2022-07-01 00:00:00.000,Outdate
432,FR-R72Y-42,"ML Road Frame-W - Yellow, 42",Road Frames,Components,Yellow,42,"R ",ML Road Frame-W,"Made from the same aluminum alloy as our top-of-the line HL frame, the ML features a lightweight down-tube milled to the perfect diameter for optimal strength. Women's version.",2023-07-01 00:00:00.000,Current
433,FR-R72Y-44,"ML Road Frame-W - Yellow, 44",Road Frames,Components,Yellow,44,"R ",ML Road Frame-W,"Made from the same aluminum alloy as our top-of-the line HL frame, the ML features a lightweight down-tube milled to the perfect diameter for optimal strength. Women's version.",2022-07-01 00:00:00.000,Outdate
434,FR-R72Y-44,"ML Road Frame-W - Yellow, 44",Road Frames,Components,Yellow,44,"R ",ML Road Frame-W,"Made from the same aluminum alloy as our top-of-the line HL frame, the ML features a lightweight down-tube milled to the perfect diameter for optimal strength. Women's version.",2023-07-01 00:00:00.000,Current
435,FR-R72Y-48,"ML Road Frame-W - Yellow, 48",Road Frames,Components,Yellow,48,"R ",ML Road Frame-W,"Made from the same aluminum alloy as our top-of-the line HL frame, the ML features a lightweight down-tube milled to the perfect diameter for optimal strength. Women's version.",2022-07-01 00:00:00.000,Outdate
436,FR-R72Y-48,"ML Road Frame-W - Yellow, 48",Road Frames,Components,Yellow,48,"R ",ML Road Frame-W,"Made from the same aluminum alloy as our top-of-the line HL frame, the ML features a lightweight down-tube milled to the perfect diameter for optimal strength. Women's version.",2023-07-01 00:00:00.000,Current
437,FR-R92B-62,"HL Road Frame - Black, 62",Road Frames,Components,Black,62,"R ",HL Road Frame,Our lightest and best quality aluminum frame made from the newest alloy; it is welded and heat-treated for strength. Our innovative design results in maximum comfort and performance.,2022-07-01 00:00:00.000,Outdate
438,FR-R92B-62,"HL Road Frame - Black, 62",Road Frames,Components,Black,62,"R ",HL Road Frame,Our lightest and best quality aluminum frame made from the newest alloy; it is welded and heat-treated for strength. Our innovative design results in maximum comfort and performance.,2023-07-01 00:00:00.000,Current
439,FR-R92B-44,"HL Road Frame - Black, 44",Road Frames,Components,Black,44,"R ",HL Road Frame,Our lightest and best quality aluminum frame made from the newest alloy; it is welded and heat-treated for strength. Our innovative design results in maximum comfort and performance.,2022-07-01 00:00:00.000,Outdate
440,FR-R92B-44,"HL Road Frame - Black, 44",Road Frames,Components,Black,44,"R ",HL Road Frame,Our lightest and best quality aluminum frame made from the newest alloy; it is welded and heat-treated for strength. Our innovative design results in maximum comfort and performance.,2023-07-01 00:00:00.000,Current
441,FR-R92B-48,"HL Road Frame - Black, 48",Road Frames,Components,Black,48,"R ",HL Road Frame,Our lightest and best quality aluminum frame made from the newest alloy; it is welded and heat-treated for strength. Our innovative design results in maximum comfort and performance.,2022-07-01 00:00:00.000,Outdate
442,FR-R92B-48,"HL Road Frame - Black, 48",Road Frames,Components,Black,48,"R ",HL Road Frame,Our lightest and best quality aluminum frame made from the newest alloy; it is welded and heat-treated for strength. Our innovative design results in maximum comfort and performance.,2023-07-01 00:00:00.000,Current
443,FR-R92B-52,"HL Road Frame - Black, 52",Road Frames,Components,Black,52,"R ",HL Road Frame,Our lightest and best quality aluminum frame made from the newest alloy; it is welded and heat-treated for strength. Our innovative design results in maximum comfort and performance.,2022-07-01 00:00:00.000,Outdate
444,FR-R92B-52,"HL Road Frame - Black, 52",Road Frames,Components,Black,52,"R ",HL Road Frame,Our lightest and best quality aluminum frame made from the newest alloy; it is welded and heat-treated for strength. Our innovative design results in maximum comfort and performance.,2023-07-01 00:00:00.000,Current
445,SH-M897-S,"Men's Sports Shorts, S",Shorts,Clothing,Black,S,"S ",Men's Sports Shorts,Men's 8-panel racing shorts - lycra with an elastic waistband and leg grippers.,2022-07-01 00:00:00.000,Outdate
446,PA-T100,"Touring-Panniers, Large",Panniers,Accessories,Grey,NULL,"T ",Touring-Panniers,"Durable, water-proof nylon construction with easy access. Large enough for weekend trips.",2022-07-01 00:00:00.000,Outdate
447,LO-C100,Cable Lock,Locks,Accessories,NA,NULL,"S ",Cable Lock,"Wraps to fit front and rear tires, carrier and 2 keys included.",2022-07-01 00:00:00.000,Outdate
448,PU-0452,Minipump,Pumps,Accessories,NA,NULL,"S ",Minipump,Designed for convenience. Fits in your pocket. Aluminum barrel. 160psi rated.,2022-07-01 00:00:00.000,Outdate
449,PU-M044,Mountain Pump,Pumps,Accessories,NA,NULL,"M ",Mountain Pump,Simple and light-weight. Emergency patches stored in handle.,2022-07-01 00:00:00.000,Outdate
450,LT-T990,Taillights - Battery-Powered,Lights,Accessories,NA,NULL,"R ",Taillight,Affordable light for safe night riding - uses 3 AAA batteries,2022-07-01 00:00:00.000,Outdate
451,LT-H902,Headlights - Dual-Beam,Lights,Accessories,NA,NULL,"R ",Headlights - Dual-Beam,Rechargeable dual-beam headlight.,2022-07-01 00:00:00.000,Outdate
452,LT-H903,Headlights - Weatherproof,Lights,Accessories,NA,NULL,"R ",Headlights - Weatherproof,Rugged weatherproof headlight.,2022-07-01 00:00:00.000,Outdate
453,SH-M897-M,"Men's Sports Shorts, M",Shorts,Clothing,Black,M,"S ",Men's Sports Shorts,Men's 8-panel racing shorts - lycra with an elastic waistband and leg grippers.,2022-07-01 00:00:00.000,Outdate
454,SH-M897-L,"Men's Sports Shorts, L",Shorts,Clothing,Black,L,"S ",Men's Sports Shorts,Men's 8-panel racing shorts - lycra with an elastic waistband and leg grippers.,2022-07-01 00:00:00.000,Outdate
455,SH-M897-X,"Men's Sports Shorts, XL",Shorts,Clothing,Black,XL,"S ",Men's Sports Shorts,Men's 8-panel racing shorts - lycra with an elastic waistband and leg grippers.,2022-07-01 00:00:00.000,Outdate
456,TG-W091-S,"Women's Tights, S",Tights,Clothing,Black,S,"S ",Women's Tights,Warm spandex tights for winter riding; seamless chamois construction eliminates pressure points.,2022-07-01 00:00:00.000,Outdate
457,TG-W091-M,"Women's Tights, M",Tights,Clothing,Black,M,"S ",Women's Tights,Warm spandex tights for winter riding; seamless chamois construction eliminates pressure points.,2022-07-01 00:00:00.000,Outdate
458,TG-W091-L,"Women's Tights, L",Tights,Clothing,Black,L,"S ",Women's Tights,Warm spandex tights for winter riding; seamless chamois construction eliminates pressure points.,2022-07-01 00:00:00.000,Outdate
459,SB-M891-S,"Men's Bib-Shorts, S",Bib-Shorts,Clothing,Multi,S,"S ",Men's Bib-Shorts,"Designed for the AWC team with stay-put straps, moisture-control, chamois padding, and leg grippers.",2022-07-01 00:00:00.000,Outdate
460,SB-M891-M,"Men's Bib-Shorts, M",Bib-Shorts,Clothing,Multi,M,"S ",Men's Bib-Shorts,"Designed for the AWC team with stay-put straps, moisture-control, chamois padding, and leg grippers.",2022-07-01 00:00:00.000,Outdate
461,SB-M891-L,"Men's Bib-Shorts, L",Bib-Shorts,Clothing,Multi,L,"S ",Men's Bib-Shorts,"Designed for the AWC team with stay-put straps, moisture-control, chamois padding, and leg grippers.",2022-07-01 00:00:00.000,Outdate
462,GL-H102-S,"Half-Finger Gloves, S",Gloves,Clothing,Black,S,"S ",Half-Finger Gloves,"Full padding, improved finger flex, durable palm, adjustable closure.",2022-07-01 00:00:00.000,Outdate
463,GL-H102-S,"Half-Finger Gloves, S",Gloves,Clothing,Black,S,"S ",Half-Finger Gloves,"Full padding, improved finger flex, durable palm, adjustable closure.",2023-07-01 00:00:00.000,Current
464,GL-H102-M,"Half-Finger Gloves, M",Gloves,Clothing,Black,M,"S ",Half-Finger Gloves,"Full padding, improved finger flex, durable palm, adjustable closure.",2022-07-01 00:00:00.000,Outdate
465,GL-H102-M,"Half-Finger Gloves, M",Gloves,Clothing,Black,M,"S ",Half-Finger Gloves,"Full padding, improved finger flex, durable palm, adjustable closure.",2023-07-01 00:00:00.000,Current
466,GL-H102-L,"Half-Finger Gloves, L",Gloves,Clothing,Black,L,"S ",Half-Finger Gloves,"Full padding, improved finger flex, durable palm, adjustable closure.",2022-07-01 00:00:00.000,Outdate
467,GL-H102-L,"Half-Finger Gloves, L",Gloves,Clothing,Black,L,"S ",Half-Finger Gloves,"Full padding, improved finger flex, durable palm, adjustable closure.",2023-07-01 00:00:00.000,Current
468,GL-F110-S,"Full-Finger Gloves, S",Gloves,Clothing,Black,S,"M ",Full-Finger Gloves,"Synthetic palm, flexible knuckles, breathable mesh upper. Worn by the AWC team riders.",2022-07-01 00:00:00.000,Outdate
469,GL-F110-M,"Full-Finger Gloves, M",Gloves,Clothing,Black,M,"M ",Full-Finger Gloves,"Synthetic palm, flexible knuckles, breathable mesh upper. Worn by the AWC team riders.",2022-07-01 00:00:00.000,Outdate
470,GL-F110-L,"Full-Finger Gloves, L",Gloves,Clothing,Black,L,"M ",Full-Finger Gloves,"Synthetic palm, flexible knuckles, breathable mesh upper. Worn by the AWC team riders.",2022-07-01 00:00:00.000,Outdate
471,VE-C304-S,"Classic Vest, S",Vests,Clothing,Blue,S,"S ",Classic Vest,"Light-weight, wind-resistant, packs to fit into a pocket.",2023-07-01 00:00:00.000,Current
472,VE-C304-M,"Classic Vest, M",Vests,Clothing,Blue,M,"S ",Classic Vest,"Light-weight, wind-resistant, packs to fit into a pocket.",2023-07-01 00:00:00.000,Current
473,VE-C304-L,"Classic Vest, L",Vests,Clothing,Blue,L,"S ",Classic Vest,"Light-weight, wind-resistant, packs to fit into a pocket.",2023-07-01 00:00:00.000,Current
474,SH-W890-S,"Women's Mountain Shorts, S",Shorts,Clothing,Black,S,"M ",Women's Mountain Shorts,"Heavy duty, abrasion-resistant shorts feature seamless, lycra inner shorts with anti-bacterial chamois for comfort.",2023-07-01 00:00:00.000,Current
475,SH-W890-M,"Women's Mountain Shorts, M",Shorts,Clothing,Black,M,"M ",Women's Mountain Shorts,"Heavy duty, abrasion-resistant shorts feature seamless, lycra inner shorts with anti-bacterial chamois for comfort.",2023-07-01 00:00:00.000,Current
476,SH-W890-L,"Women's Mountain Shorts, L",Shorts,Clothing,Black,L,"M ",Women's Mountain Shorts,"Heavy duty, abrasion-resistant shorts feature seamless, lycra inner shorts with anti-bacterial chamois for comfort.",2023-07-01 00:00:00.000,Current
477,WB-H098,Water Bottle - 30 oz.,Bottles and Cages,Accessories,NA,NULL,"S ",Water Bottle,AWC logo water bottle - holds 30 oz; leak-proof.,2023-07-01 00:00:00.000,Current
478,BC-M005,Mountain Bottle Cage,Bottles and Cages,Accessories,NA,NULL,"M ",Mountain Bottle Cage,Tough aluminum cage holds bottle securly on tough terrain.,2023-07-01 00:00:00.000,Current
479,BC-R205,Road Bottle Cage,Bottles and Cages,Accessories,NA,NULL,"R ",Road Bottle Cage,Aluminum cage is lighter than our mountain version; perfect for long distance trips.,2023-07-01 00:00:00.000,Current
480,PK-7098,Patch Kit/8 Patches,Tires and Tubes,Accessories,NA,NULL,"S ",Patch kit,"Includes 8 different size patches, glue and sandpaper.",2023-07-01 00:00:00.000,Current
481,SO-R809-M,"Racing Socks, M",Socks,Clothing,White,M,"R ",Racing Socks,"Thin, lightweight and durable with cuffs that stay up.",2023-07-01 00:00:00.000,Current
482,SO-R809-L,"Racing Socks, L",Socks,Clothing,White,L,"R ",Racing Socks,"Thin, lightweight and durable with cuffs that stay up.",2023-07-01 00:00:00.000,Current
483,RA-H123,Hitch Rack - 4-Bike,Bike Racks,Accessories,NA,NULL,"S ",Hitch Rack - 4-Bike,"Carries 4 bikes securely; steel construction, fits 2"" receiver hitch.",2023-07-01 00:00:00.000,Current
484,CL-9009,Bike Wash - Dissolver,Cleaners,Accessories,NA,NULL,"S ",Bike Wash,"Washes off the toughest road grime; dissolves grease, environmentally safe. 1-liter bottle.",2023-07-01 00:00:00.000,Current
485,FE-6654,Fender Set - Mountain,Fenders,Accessories,NA,NULL,"M ",Fender Set - Mountain,Clip-on fenders fit most mountain bikes.,2023-07-01 00:00:00.000,Current
486,ST-1401,All-Purpose Bike Stand,Bike Stands,Accessories,NA,NULL,"M ",All-Purpose Bike Stand,Perfect all-purpose bike stand for working on your bike at home. Quick-adjusting clamps and steel construction.,2023-07-01 00:00:00.000,Current
487,HY-1023-70,Hydration Pack - 70 oz.,Hydration Packs,Accessories,Silver,70,"S ",Hydration Pack,"Versatile 70 oz hydration pack offers extra storage, easy-fill access, and a waist belt.",2023-07-01 00:00:00.000,Current
488,SJ-0194-S,"Short-Sleeve Classic Jersey, S",Jerseys,Clothing,Yellow,S,"S ",Short-Sleeve Classic Jersey,"Short sleeve classic breathable jersey with superior moisture control, front zipper, and 3 back pockets.",2023-07-01 00:00:00.000,Current
489,SJ-0194-M,"Short-Sleeve Classic Jersey, M",Jerseys,Clothing,Yellow,M,"S ",Short-Sleeve Classic Jersey,"Short sleeve classic breathable jersey with superior moisture control, front zipper, and 3 back pockets.",2023-07-01 00:00:00.000,Current
490,SJ-0194-L,"Short-Sleeve Classic Jersey, L",Jerseys,Clothing,Yellow,L,"S ",Short-Sleeve Classic Jersey,"Short sleeve classic breathable jersey with superior moisture control, front zipper, and 3 back pockets.",2023-07-01 00:00:00.000,Current
491,SJ-0194-X,"Short-Sleeve Classic Jersey, XL",Jerseys,Clothing,Yellow,XL,"S ",Short-Sleeve Classic Jersey,"Short sleeve classic breathable jersey with superior moisture control, front zipper, and 3 back pockets.",2023-07-01 00:00:00.000,Current
492,FR-T98Y-60,"HL Touring Frame - Yellow, 60",Touring Frames,Components,Yellow,60,"T ",HL Touring Frame,The HL aluminum frame is custom-shaped for both good looks and strength; it will withstand the most rigorous challenges of daily riding. Men's version.,2023-07-01 00:00:00.000,Current
493,FR-T67Y-62,"LL Touring Frame - Yellow, 62",Touring Frames,Components,Yellow,62,"T ",LL Touring Frame,Lightweight butted aluminum frame provides a more upright riding position for a trip around town.  Our ground-breaking design provides optimum comfort.,2023-07-01 00:00:00.000,Current
494,FR-T98Y-46,"HL Touring Frame - Yellow, 46",Touring Frames,Components,Yellow,46,"T ",HL Touring Frame,The HL aluminum frame is custom-shaped for both good looks and strength; it will withstand the most rigorous challenges of daily riding. Men's version.,2023-07-01 00:00:00.000,Current
495,FR-T98Y-50,"HL Touring Frame - Yellow, 50",Touring Frames,Components,Yellow,50,"T ",HL Touring Frame,The HL aluminum frame is custom-shaped for both good looks and strength; it will withstand the most rigorous challenges of daily riding. Men's version.,2023-07-01 00:00:00.000,Current
496,FR-T98Y-54,"HL Touring Frame - Yellow, 54",Touring Frames,Components,Yellow,54,"T ",HL Touring Frame,The HL aluminum frame is custom-shaped for both good looks and strength; it will withstand the most rigorous challenges of daily riding. Men's version.,2023-07-01 00:00:00.000,Current
497,FR-T98U-46,"HL Touring Frame - Blue, 46",Touring Frames,Components,Blue,46,"T ",HL Touring Frame,The HL aluminum frame is custom-shaped for both good looks and strength; it will withstand the most rigorous challenges of daily riding. Men's version.,2023-07-01 00:00:00.000,Current
498,FR-T98U-50,"HL Touring Frame - Blue, 50",Touring Frames,Components,Blue,50,"T ",HL Touring Frame,The HL aluminum frame is custom-shaped for both good looks and strength; it will withstand the most rigorous challenges of daily riding. Men's version.,2023-07-01 00:00:00.000,Current
499,FR-T98U-54,"HL Touring Frame - Blue, 54",Touring Frames,Components,Blue,54,"T ",HL Touring Frame,The HL aluminum frame is custom-shaped for both good looks and strength; it will withstand the most rigorous challenges of daily riding. Men's version.,2023-07-01 00:00:00.000,Current
500,FR-T98U-60,"HL Touring Frame - Blue, 60",Touring Frames,Components,Blue,60,"T ",HL Touring Frame,The HL aluminum frame is custom-shaped for both good looks and strength; it will withstand the most rigorous challenges of daily riding. Men's version.,2023-07-01 00:00:00.000,Current
501,RD-2308,Rear Derailleur,Derailleurs,Components,Silver,NULL,NULL,Rear Derailleur,Wide-link design.,2023-07-01 00:00:00.000,Current
502,FR-T67U-50,"LL Touring Frame - Blue, 50",Touring Frames,Components,Blue,50,"T ",LL Touring Frame,Lightweight butted aluminum frame provides a more upright riding position for a trip around town.  Our ground-breaking design provides optimum comfort.,2023-07-01 00:00:00.000,Current
503,FR-T67U-54,"LL Touring Frame - Blue, 54",Touring Frames,Components,Blue,54,"T ",LL Touring Frame,Lightweight butted aluminum frame provides a more upright riding position for a trip around town.  Our ground-breaking design provides optimum comfort.,2023-07-01 00:00:00.000,Current
504,FR-T67U-58,"LL Touring Frame - Blue, 58",Touring Frames,Components,Blue,58,"T ",LL Touring Frame,Lightweight butted aluminum frame provides a more upright riding position for a trip around town.  Our ground-breaking design provides optimum comfort.,2023-07-01 00:00:00.000,Current
505,FR-T67U-62,"LL Touring Frame - Blue, 62",Touring Frames,Components,Blue,62,"T ",LL Touring Frame,Lightweight butted aluminum frame provides a more upright riding position for a trip around town.  Our ground-breaking design provides optimum comfort.,2023-07-01 00:00:00.000,Current
506,FR-T67Y-44,"LL Touring Frame - Yellow, 44",Touring Frames,Components,Yellow,44,"T ",LL Touring Frame,Lightweight butted aluminum frame provides a more upright riding position for a trip around town.  Our ground-breaking design provides optimum comfort.,2023-07-01 00:00:00.000,Current
507,FR-T67Y-50,"LL Touring Frame - Yellow, 50",Touring Frames,Components,Yellow,50,"T ",LL Touring Frame,Lightweight butted aluminum frame provides a more upright riding position for a trip around town.  Our ground-breaking design provides optimum comfort.,2023-07-01 00:00:00.000,Current
508,FR-T67Y-54,"LL Touring Frame - Yellow, 54",Touring Frames,Components,Yellow,54,"T ",LL Touring Frame,Lightweight butted aluminum frame provides a more upright riding position for a trip around town.  Our ground-breaking design provides optimum comfort.,2023-07-01 00:00:00.000,Current
509,FR-T67Y-58,"LL Touring Frame - Yellow, 58",Touring Frames,Components,Yellow,58,"T ",LL Touring Frame,Lightweight butted aluminum frame provides a more upright riding position for a trip around town.  Our ground-breaking design provides optimum comfort.,2023-07-01 00:00:00.000,Current
510,FR-T67U-44,"LL Touring Frame - Blue, 44",Touring Frames,Components,Blue,44,"T ",LL Touring Frame,Lightweight butted aluminum frame provides a more upright riding position for a trip around town.  Our ground-breaking design provides optimum comfort.,2023-07-01 00:00:00.000,Current
511,FR-M63S-40,"ML Mountain Frame-W - Silver, 40",Mountain Frames,Components,Silver,40,"M ",ML Mountain Frame-W,The ML frame is a heat-treated aluminum frame made with the same detail and quality as our HL frame. It offers superior performance. Men's version.,2023-07-01 00:00:00.000,Current
512,FR-M63S-42,"ML Mountain Frame-W - Silver, 42",Mountain Frames,Components,Silver,42,"M ",ML Mountain Frame-W,The ML frame is a heat-treated aluminum frame made with the same detail and quality as our HL frame. It offers superior performance. Men's version.,2023-07-01 00:00:00.000,Current
513,FR-M63S-46,"ML Mountain Frame-W - Silver, 46",Mountain Frames,Components,Silver,46,"M ",ML Mountain Frame-W,The ML frame is a heat-treated aluminum frame made with the same detail and quality as our HL frame. It offers superior performance. Men's version.,2023-07-01 00:00:00.000,Current
514,RB-9231,Rear Brakes,Brakes,Components,Silver,NULL,NULL,Rear Brakes,NULL,2023-07-01 00:00:00.000,Current
515,SE-M236,LL Mountain Seat/Saddle,Saddles,Components,NA,NULL,"M ",LL Mountain Seat/Saddle 2,Synthetic leather. Features gel for increased comfort.,2023-07-01 00:00:00.000,Current
516,SE-M798,ML Mountain Seat/Saddle,Saddles,Components,NA,NULL,"M ",ML Mountain Seat/Saddle 2,Designed to absorb shock.,2023-07-01 00:00:00.000,Current
517,SE-M940,HL Mountain Seat/Saddle,Saddles,Components,NA,NULL,"M ",HL Mountain Seat/Saddle 2,Anatomic design for a full-day of riding in comfort. Durable leather.,2023-07-01 00:00:00.000,Current
518,SE-R581,LL Road Seat/Saddle,Saddles,Components,NA,NULL,"R ",LL Road Seat/Saddle 1,Lightweight foam-padded saddle.,2023-07-01 00:00:00.000,Current
519,SE-R908,ML Road Seat/Saddle,Saddles,Components,NA,NULL,"T ",ML Road Seat/Saddle 2,Rubber bumpers absorb bumps.,2023-07-01 00:00:00.000,Current
520,SE-R995,HL Road Seat/Saddle,Saddles,Components,NA,NULL,"R ",HL Road Seat/Saddle 2,Lightweight kevlar racing saddle. Leather.,2023-07-01 00:00:00.000,Current
521,SE-T312,LL Touring Seat/Saddle,Saddles,Components,NA,NULL,"T ",LL Touring Seat/Saddle,"Comfortable, ergonomically shaped gel saddle.",2023-07-01 00:00:00.000,Current
522,SE-T762,ML Touring Seat/Saddle,Saddles,Components,NA,NULL,"T ",ML Touring Seat/Saddle,New design relieves pressure for long rides.,2023-07-01 00:00:00.000,Current
523,SE-T924,HL Touring Seat/Saddle,Saddles,Components,NA,NULL,"T ",HL Touring Seat/Saddle,Cut-out shell for a more comfortable ride.,2023-07-01 00:00:00.000,Current
524,FR-M21S-42,"LL Mountain Frame - Silver, 42",Mountain Frames,Components,Silver,42,"M ",LL Mountain Frame,"Our best value utilizing the same, ground-breaking frame technology as the ML aluminum frame.",2023-07-01 00:00:00.000,Current
525,FR-M21S-44,"LL Mountain Frame - Silver, 44",Mountain Frames,Components,Silver,44,"M ",LL Mountain Frame,"Our best value utilizing the same, ground-breaking frame technology as the ML aluminum frame.",2023-07-01 00:00:00.000,Current
526,FR-M21S-48,"LL Mountain Frame - Silver, 48",Mountain Frames,Components,Silver,48,"M ",LL Mountain Frame,"Our best value utilizing the same, ground-breaking frame technology as the ML aluminum frame.",2023-07-01 00:00:00.000,Current
527,FR-M21S-52,"LL Mountain Frame - Silver, 52",Mountain Frames,Components,Silver,52,"M ",LL Mountain Frame,"Our best value utilizing the same, ground-breaking frame technology as the ML aluminum frame.",2023-07-01 00:00:00.000,Current
528,TT-M928,Mountain Tire Tube,Tires and Tubes,Accessories,NA,NULL,"M ",Mountain Tire Tube,Self-sealing tube.,2023-07-01 00:00:00.000,Current
529,TT-R982,Road Tire Tube,Tires and Tubes,Accessories,NA,NULL,"R ",Road Tire Tube,Conventional all-purpose tube.,2023-07-01 00:00:00.000,Current
530,TT-T092,Touring Tire Tube,Tires and Tubes,Accessories,NA,NULL,"T ",Touring Tire Tube,General purpose tube.,2023-07-01 00:00:00.000,Current
531,FR-M21B-42,"LL Mountain Frame - Black, 42",Mountain Frames,Components,Black,42,"M ",LL Mountain Frame,"Our best value utilizing the same, ground-breaking frame technology as the ML aluminum frame.",2023-07-01 00:00:00.000,Current
532,FR-M21B-44,"LL Mountain Frame - Black, 44",Mountain Frames,Components,Black,44,"M ",LL Mountain Frame,"Our best value utilizing the same, ground-breaking frame technology as the ML aluminum frame.",2023-07-01 00:00:00.000,Current
533,FR-M21B-48,"LL Mountain Frame - Black, 48",Mountain Frames,Components,Black,48,"M ",LL Mountain Frame,"Our best value utilizing the same, ground-breaking frame technology as the ML aluminum frame.",2023-07-01 00:00:00.000,Current
534,FR-M21B-52,"LL Mountain Frame - Black, 52",Mountain Frames,Components,Black,52,"M ",LL Mountain Frame,"Our best value utilizing the same, ground-breaking frame technology as the ML aluminum frame.",2023-07-01 00:00:00.000,Current
535,TI-M267,LL Mountain Tire,Tires and Tubes,Accessories,NA,NULL,"M ",LL Mountain Tire,"Comparible traction, less expensive wire bead casing.",2023-07-01 00:00:00.000,Current
536,TI-M602,ML Mountain Tire,Tires and Tubes,Accessories,NA,NULL,"M ",ML Mountain Tire,"Great traction, high-density rubber.",2023-07-01 00:00:00.000,Current
537,TI-M823,HL Mountain Tire,Tires and Tubes,Accessories,NA,NULL,"M ",HL Mountain Tire,"Incredible traction, lightweight carbon reinforced.",2023-07-01 00:00:00.000,Current
538,TI-R092,LL Road Tire,Tires and Tubes,Accessories,NA,NULL,"R ",LL Road Tire,Same great treads as more expensive tire with a less expensive wire bead casing.,2023-07-01 00:00:00.000,Current
539,TI-R628,ML Road Tire,Tires and Tubes,Accessories,NA,NULL,"R ",ML Road Tire,Higher density rubber.,2023-07-01 00:00:00.000,Current
540,TI-R982,HL Road Tire,Tires and Tubes,Accessories,NA,NULL,"R ",HL Road Tire,Lightweight carbon reinforced  for an unrivaled ride at an un-compromised weight.,2023-07-01 00:00:00.000,Current
541,TI-T723,Touring Tire,Tires and Tubes,Accessories,NA,NULL,"T ",Touring Tire,High-density rubber.,2023-07-01 00:00:00.000,Current
542,PD-M282,LL Mountain Pedal,Pedals,Components,Silver/Black,NULL,"M ",LL Mountain Pedal,Expanded platform so you can ride in any shoes; great for all-around riding.,2023-07-01 00:00:00.000,Current
543,PD-M340,ML Mountain Pedal,Pedals,Components,Silver/Black,NULL,"M ",ML Mountain Pedal,"Lightweight, durable, clipless pedal with adjustable tension.",2023-07-01 00:00:00.000,Current
544,PD-M562,HL Mountain Pedal,Pedals,Components,Silver/Black,NULL,"M ",HL Mountain Pedal,Stainless steel; designed to shed mud easily.,2023-07-01 00:00:00.000,Current
545,PD-R347,LL Road Pedal,Pedals,Components,Silver/Black,NULL,"R ",LL Road Pedal,Clipless pedals - aluminum.,2023-07-01 00:00:00.000,Current
546,PD-R563,ML Road Pedal,Pedals,Components,Silver/Black,NULL,"R ",ML Road Pedal,Lightweight aluminum alloy construction.,2023-07-01 00:00:00.000,Current
547,PD-R853,HL Road Pedal,Pedals,Components,Silver/Black,NULL,"R ",HL Road Pedal,Top-of-the-line clipless pedals with adjustable tension.,2023-07-01 00:00:00.000,Current
548,PD-T852,Touring Pedal,Pedals,Components,Silver/Black,NULL,"T ",Touring Pedal,A stable pedal for all-day riding.,2023-07-01 00:00:00.000,Current
549,FR-M63S-38,"ML Mountain Frame-W - Silver, 38",Mountain Frames,Components,Silver,38,"M ",ML Mountain Frame-W,The ML frame is a heat-treated aluminum frame made with the same detail and quality as our HL frame. It offers superior performance. Men's version.,2023-07-01 00:00:00.000,Current
550,FR-M21B-40,"LL Mountain Frame - Black, 40",Mountain Frames,Components,Black,40,"M ",LL Mountain Frame,"Our best value utilizing the same, ground-breaking frame technology as the ML aluminum frame.",2023-07-01 00:00:00.000,Current
551,FR-M21S-40,"LL Mountain Frame - Silver, 40",Mountain Frames,Components,Silver,40,"M ",LL Mountain Frame,"Our best value utilizing the same, ground-breaking frame technology as the ML aluminum frame.",2023-07-01 00:00:00.000,Current
552,FD-2342,Front Derailleur,Derailleurs,Components,Silver,NULL,NULL,Front Derailleur,Wide-link design.,2023-07-01 00:00:00.000,Current
553,HB-T721,LL Touring Handlebars,Handlebars,Components,NA,NULL,"T ",LL Touring Handlebars,Unique shape reduces fatigue for entry level riders.,2023-07-01 00:00:00.000,Current
554,HB-T928,HL Touring Handlebars,Handlebars,Components,NA,NULL,"T ",HL Touring Handlebars,A light yet stiff aluminum bar for long distance riding.,2023-07-01 00:00:00.000,Current
555,FB-9873,Front Brakes,Brakes,Components,Silver,NULL,NULL,Front Brakes,All-weather brake pads; provides superior stopping by applying more surface to the rim.,2023-07-01 00:00:00.000,Current
556,CS-4759,LL Crankset,Cranksets,Components,Black,NULL,NULL,LL Crankset,Super rigid spindle.,2023-07-01 00:00:00.000,Current
557,CS-6583,ML Crankset,Cranksets,Components,Black,NULL,NULL,ML Crankset,High-strength crank arm.,2023-07-01 00:00:00.000,Current
558,CS-9183,HL Crankset,Cranksets,Components,Black,NULL,NULL,HL Crankset,Triple crankset; alumunim crank arm; flawless shifting.,2023-07-01 00:00:00.000,Current
559,CH-0234,Chain,Chains,Components,Silver,NULL,NULL,Chain,Superior shifting performance.,2023-07-01 00:00:00.000,Current
560,BK-T44U-60,"Touring-2000 Blue, 60",Touring Bikes,Bikes,Blue,60,"T ",Touring-2000,"The plush custom saddle keeps you riding all day,  and there's plenty of space to add panniers and bike bags to the newly-redesigned carrier.  This bike has stability when fully-loaded.",2023-07-01 00:00:00.000,Current
561,BK-T79Y-46,"Touring-1000 Yellow, 46",Touring Bikes,Bikes,Yellow,46,"T ",Touring-1000,Travel in style and comfort. Designed for maximum comfort and safety. Wide gear range takes on all hills. High-tech aluminum alloy construction provides durability without added weight.,2023-07-01 00:00:00.000,Current
562,BK-T79Y-50,"Touring-1000 Yellow, 50",Touring Bikes,Bikes,Yellow,50,"T ",Touring-1000,Travel in style and comfort. Designed for maximum comfort and safety. Wide gear range takes on all hills. High-tech aluminum alloy construction provides durability without added weight.,2023-07-01 00:00:00.000,Current
563,BK-T79Y-54,"Touring-1000 Yellow, 54",Touring Bikes,Bikes,Yellow,54,"T ",Touring-1000,Travel in style and comfort. Designed for maximum comfort and safety. Wide gear range takes on all hills. High-tech aluminum alloy construction provides durability without added weight.,2023-07-01 00:00:00.000,Current
564,BK-T79Y-60,"Touring-1000 Yellow, 60",Touring Bikes,Bikes,Yellow,60,"T ",Touring-1000,Travel in style and comfort. Designed for maximum comfort and safety. Wide gear range takes on all hills. High-tech aluminum alloy construction provides durability without added weight.,2023-07-01 00:00:00.000,Current
565,BK-T18U-54,"Touring-3000 Blue, 54",Touring Bikes,Bikes,Blue,54,"T ",Touring-3000,"All-occasion value bike with our basic comfort and safety features. Offers wider, more stable tires for a ride around town or weekend trip.",2023-07-01 00:00:00.000,Current
566,BK-T18U-58,"Touring-3000 Blue, 58",Touring Bikes,Bikes,Blue,58,"T ",Touring-3000,"All-occasion value bike with our basic comfort and safety features. Offers wider, more stable tires for a ride around town or weekend trip.",2023-07-01 00:00:00.000,Current
567,BK-T18U-62,"Touring-3000 Blue, 62",Touring Bikes,Bikes,Blue,62,"T ",Touring-3000,"All-occasion value bike with our basic comfort and safety features. Offers wider, more stable tires for a ride around town or weekend trip.",2023-07-01 00:00:00.000,Current
568,BK-T18Y-44,"Touring-3000 Yellow, 44",Touring Bikes,Bikes,Yellow,44,"T ",Touring-3000,"All-occasion value bike with our basic comfort and safety features. Offers wider, more stable tires for a ride around town or weekend trip.",2023-07-01 00:00:00.000,Current
569,BK-T18Y-50,"Touring-3000 Yellow, 50",Touring Bikes,Bikes,Yellow,50,"T ",Touring-3000,"All-occasion value bike with our basic comfort and safety features. Offers wider, more stable tires for a ride around town or weekend trip.",2023-07-01 00:00:00.000,Current
570,BK-T18Y-54,"Touring-3000 Yellow, 54",Touring Bikes,Bikes,Yellow,54,"T ",Touring-3000,"All-occasion value bike with our basic comfort and safety features. Offers wider, more stable tires for a ride around town or weekend trip.",2023-07-01 00:00:00.000,Current
571,BK-T18Y-58,"Touring-3000 Yellow, 58",Touring Bikes,Bikes,Yellow,58,"T ",Touring-3000,"All-occasion value bike with our basic comfort and safety features. Offers wider, more stable tires for a ride around town or weekend trip.",2023-07-01 00:00:00.000,Current
572,BK-T18Y-62,"Touring-3000 Yellow, 62",Touring Bikes,Bikes,Yellow,62,"T ",Touring-3000,"All-occasion value bike with our basic comfort and safety features. Offers wider, more stable tires for a ride around town or weekend trip.",2023-07-01 00:00:00.000,Current
573,BK-T79U-46,"Touring-1000 Blue, 46",Touring Bikes,Bikes,Blue,46,"T ",Touring-1000,Travel in style and comfort. Designed for maximum comfort and safety. Wide gear range takes on all hills. High-tech aluminum alloy construction provides durability without added weight.,2023-07-01 00:00:00.000,Current
574,BK-T79U-50,"Touring-1000 Blue, 50",Touring Bikes,Bikes,Blue,50,"T ",Touring-1000,Travel in style and comfort. Designed for maximum comfort and safety. Wide gear range takes on all hills. High-tech aluminum alloy construction provides durability without added weight.,2023-07-01 00:00:00.000,Current
575,BK-T79U-54,"Touring-1000 Blue, 54",Touring Bikes,Bikes,Blue,54,"T ",Touring-1000,Travel in style and comfort. Designed for maximum comfort and safety. Wide gear range takes on all hills. High-tech aluminum alloy construction provides durability without added weight.,2023-07-01 00:00:00.000,Current
576,BK-T79U-60,"Touring-1000 Blue, 60",Touring Bikes,Bikes,Blue,60,"T ",Touring-1000,Travel in style and comfort. Designed for maximum comfort and safety. Wide gear range takes on all hills. High-tech aluminum alloy construction provides durability without added weight.,2023-07-01 00:00:00.000,Current
577,BK-T44U-46,"Touring-2000 Blue, 46",Touring Bikes,Bikes,Blue,46,"T ",Touring-2000,"The plush custom saddle keeps you riding all day,  and there's plenty of space to add panniers and bike bags to the newly-redesigned carrier.  This bike has stability when fully-loaded.",2023-07-01 00:00:00.000,Current
578,BK-T44U-50,"Touring-2000 Blue, 50",Touring Bikes,Bikes,Blue,50,"T ",Touring-2000,"The plush custom saddle keeps you riding all day,  and there's plenty of space to add panniers and bike bags to the newly-redesigned carrier.  This bike has stability when fully-loaded.",2023-07-01 00:00:00.000,Current
579,BK-T44U-54,"Touring-2000 Blue, 54",Touring Bikes,Bikes,Blue,54,"T ",Touring-2000,"The plush custom saddle keeps you riding all day,  and there's plenty of space to add panniers and bike bags to the newly-redesigned carrier.  This bike has stability when fully-loaded.",2023-07-01 00:00:00.000,Current
580,BK-R79Y-40,"Road-350-W Yellow, 40",Road Bikes,Bikes,Yellow,40,"R ",Road-350-W,"Cross-train, race, or just socialize on a sleek, aerodynamic bike designed for a woman.  Advanced seat technology provides comfort all day.",2023-07-01 00:00:00.000,Current
581,BK-R79Y-42,"Road-350-W Yellow, 42",Road Bikes,Bikes,Yellow,42,"R ",Road-350-W,"Cross-train, race, or just socialize on a sleek, aerodynamic bike designed for a woman.  Advanced seat technology provides comfort all day.",2023-07-01 00:00:00.000,Current
582,BK-R79Y-44,"Road-350-W Yellow, 44",Road Bikes,Bikes,Yellow,44,"R ",Road-350-W,"Cross-train, race, or just socialize on a sleek, aerodynamic bike designed for a woman.  Advanced seat technology provides comfort all day.",2023-07-01 00:00:00.000,Current
583,BK-R79Y-48,"Road-350-W Yellow, 48",Road Bikes,Bikes,Yellow,48,"R ",Road-350-W,"Cross-train, race, or just socialize on a sleek, aerodynamic bike designed for a woman.  Advanced seat technology provides comfort all day.",2023-07-01 00:00:00.000,Current
584,BK-R19B-58,"Road-750 Black, 58",Road Bikes,Bikes,Black,58,"R ",Road-750,Entry level adult bike; offers a comfortable ride cross-country or down the block. Quick-release hubs and rims.,2023-07-01 00:00:00.000,Current
585,BK-T18U-44,"Touring-3000 Blue, 44",Touring Bikes,Bikes,Blue,44,"T ",Touring-3000,"All-occasion value bike with our basic comfort and safety features. Offers wider, more stable tires for a ride around town or weekend trip.",2023-07-01 00:00:00.000,Current
586,BK-T18U-50,"Touring-3000 Blue, 50",Touring Bikes,Bikes,Blue,50,"T ",Touring-3000,"All-occasion value bike with our basic comfort and safety features. Offers wider, more stable tires for a ride around town or weekend trip.",2023-07-01 00:00:00.000,Current
587,BK-M38S-38,"Mountain-400-W Silver, 38",Mountain Bikes,Bikes,Silver,38,"M ",Mountain-400-W,"This bike delivers a high-level of performance on a budget. It is responsive and maneuverable, and offers peace-of-mind when you decide to go off-road.",2023-07-01 00:00:00.000,Current
588,BK-M38S-40,"Mountain-400-W Silver, 40",Mountain Bikes,Bikes,Silver,40,"M ",Mountain-400-W,"This bike delivers a high-level of performance on a budget. It is responsive and maneuverable, and offers peace-of-mind when you decide to go off-road.",2023-07-01 00:00:00.000,Current
589,BK-M38S-42,"Mountain-400-W Silver, 42",Mountain Bikes,Bikes,Silver,42,"M ",Mountain-400-W,"This bike delivers a high-level of performance on a budget. It is responsive and maneuverable, and offers peace-of-mind when you decide to go off-road.",2023-07-01 00:00:00.000,Current
590,BK-M38S-46,"Mountain-400-W Silver, 46",Mountain Bikes,Bikes,Silver,46,"M ",Mountain-400-W,"This bike delivers a high-level of performance on a budget. It is responsive and maneuverable, and offers peace-of-mind when you decide to go off-road.",2023-07-01 00:00:00.000,Current
591,BK-M18S-40,"Mountain-500 Silver, 40",Mountain Bikes,Bikes,Silver,40,"M ",Mountain-500,"Suitable for any type of riding, on or off-road. Fits any budget. Smooth-shifting with a comfortable ride.",2023-07-01 00:00:00.000,Current
592,BK-M18S-42,"Mountain-500 Silver, 42",Mountain Bikes,Bikes,Silver,42,"M ",Mountain-500,"Suitable for any type of riding, on or off-road. Fits any budget. Smooth-shifting with a comfortable ride.",2023-07-01 00:00:00.000,Current
593,BK-M18S-44,"Mountain-500 Silver, 44",Mountain Bikes,Bikes,Silver,44,"M ",Mountain-500,"Suitable for any type of riding, on or off-road. Fits any budget. Smooth-shifting with a comfortable ride.",2023-07-01 00:00:00.000,Current
594,BK-M18S-48,"Mountain-500 Silver, 48",Mountain Bikes,Bikes,Silver,48,"M ",Mountain-500,"Suitable for any type of riding, on or off-road. Fits any budget. Smooth-shifting with a comfortable ride.",2023-07-01 00:00:00.000,Current
595,BK-M18S-52,"Mountain-500 Silver, 52",Mountain Bikes,Bikes,Silver,52,"M ",Mountain-500,"Suitable for any type of riding, on or off-road. Fits any budget. Smooth-shifting with a comfortable ride.",2023-07-01 00:00:00.000,Current
596,BK-M18B-40,"Mountain-500 Black, 40",Mountain Bikes,Bikes,Black,40,"M ",Mountain-500,"Suitable for any type of riding, on or off-road. Fits any budget. Smooth-shifting with a comfortable ride.",2023-07-01 00:00:00.000,Current
597,BK-M18B-42,"Mountain-500 Black, 42",Mountain Bikes,Bikes,Black,42,"M ",Mountain-500,"Suitable for any type of riding, on or off-road. Fits any budget. Smooth-shifting with a comfortable ride.",2023-07-01 00:00:00.000,Current
598,BK-M18B-44,"Mountain-500 Black, 44",Mountain Bikes,Bikes,Black,44,"M ",Mountain-500,"Suitable for any type of riding, on or off-road. Fits any budget. Smooth-shifting with a comfortable ride.",2023-07-01 00:00:00.000,Current
599,BK-M18B-48,"Mountain-500 Black, 48",Mountain Bikes,Bikes,Black,48,"M ",Mountain-500,"Suitable for any type of riding, on or off-road. Fits any budget. Smooth-shifting with a comfortable ride.",2023-07-01 00:00:00.000,Current
600,BK-M18B-52,"Mountain-500 Black, 52",Mountain Bikes,Bikes,Black,52,"M ",Mountain-500,"Suitable for any type of riding, on or off-road. Fits any budget. Smooth-shifting with a comfortable ride.",2023-07-01 00:00:00.000,Current
601,BB-7421,LL Bottom Bracket,Bottom Brackets,Components,NA,NULL,NULL,LL Bottom Bracket,Chromoly steel.,2023-07-01 00:00:00.000,Current
602,BB-8107,ML Bottom Bracket,Bottom Brackets,Components,NA,NULL,NULL,ML Bottom Bracket,Aluminum alloy cups; large diameter spindle.,2023-07-01 00:00:00.000,Current
603,BB-9108,HL Bottom Bracket,Bottom Brackets,Components,NA,NULL,NULL,HL Bottom Bracket,Aluminum alloy cups and a hollow axle.,2023-07-01 00:00:00.000,Current
604,BK-R19B-44,"Road-750 Black, 44",Road Bikes,Bikes,Black,44,"R ",Road-750,Entry level adult bike; offers a comfortable ride cross-country or down the block. Quick-release hubs and rims.,2023-07-01 00:00:00.000,Current
605,BK-R19B-48,"Road-750 Black, 48",Road Bikes,Bikes,Black,48,"R ",Road-750,Entry level adult bike; offers a comfortable ride cross-country or down the block. Quick-release hubs and rims.,2023-07-01 00:00:00.000,Current
606,BK-R19B-52,"Road-750 Black, 52",Road Bikes,Bikes,Black,52,"R ",Road-750,Entry level adult bike; offers a comfortable ride cross-country or down the block. Quick-release hubs and rims.,2023-07-01 00:00:00.000,Current
